"toolName","id","category","route","currentStatus","inputType","outputType","processing","implementation","knownProblems","requiredFix","functionTest","uiTest","outputTest","downloadTest","mobileTest","errorHandlingTest","lastTestTime"
"AI Writing Assistant","ai-writing-assistant","ai-tools","/tools/ai-writing-assistant","PARTIALLY WORKING","User input","Result","api","./ai/AiWritingAssistant","No complete browser E2E/mobile verification exists yet; wired/rendering status is not treated as proof of full functionality.","Add/execute real tests for: function, UI, output, mobile, error handling.","NOT TESTED","NOT TESTED","NOT TESTED","N/A","NOT TESTED","NOT TESTED","Not yet behavior-tested"
"MZ Online Word","mz-online-word","office-tools","/tools/online-word","PARTIALLY WORKING","User input","Result","browser","./document/MzOnlineWord","No complete browser E2E/mobile verification exists yet; wired/rendering status is not treated as proof of full functionality.","Add/execute real tests for: function, UI, output, download, mobile, error handling.","NOT TESTED","NOT TESTED","NOT TESTED","NOT TESTED","NOT TESTED","NOT TESTED","Not yet behavior-tested"
"MZ Programming Lab","programming-lab","programming-tools","/tools/programming-lab","PARTIALLY WORKING","User input","Result","hybrid","./programming/ProgrammingLab","No complete browser E2E/mobile verification exists yet; wired/rendering status is not treated as proof of full functionality.","Add/execute real tests for: function, UI, output, mobile, error handling.","NOT TESTED","NOT TESTED","NOT TESTED","N/A","NOT TESTED","NOT TESTED","Not yet behavior-tested"
"MZ PDF Viewer","mz-pdf-viewer","office-tools","/tools/pdf-viewer","PARTIALLY WORKING","User input","Result","browser","./office/PdfViewer","No complete browser E2E/mobile verification exists yet; wired/rendering status is not treated as proof of full functionality.","Add/execute real tests for: function, UI, output, download, mobile, error handling.","NOT TESTED","NOT TESTED","NOT TESTED","NOT TESTED","NOT TESTED","NOT TESTED","Not yet behavior-tested"
"MZ PDF Editor","mz-pdf-editor","office-tools","/tools/pdf-editor","PARTIALLY WORKING","User input","Result","browser","./office/PdfEditor","No complete browser E2E/mobile verification exists yet; wired/rendering status is not treated as proof of full functionality.","Add/execute real tests for: function, UI, output, download, mobile, error handling.","NOT TESTED","NOT TESTED","NOT TESTED","NOT TESTED","NOT TESTED","NOT TESTED","Not yet behavior-tested"
"MZ Online Excel","mz-online-excel","office-tools","/tools/online-excel","PARTIALLY WORKING","User input","Result","browser","./office/OnlineExcel","No complete browser E2E/mobile verification exists yet; wired/rendering status is not treated as proof of full functionality.","Add/execute real tests for: function, UI, output, download, mobile, error handling.","NOT TESTED","NOT TESTED","NOT TESTED","NOT TESTED","NOT TESTED","NOT TESTED","Not yet behavior-tested"
"MZ PowerPoint Viewer","mz-powerpoint-viewer","office-tools","/tools/powerpoint-viewer","PARTIALLY WORKING","User input","Result","browser","./office/PptxViewer","No complete browser E2E/mobile verification exists yet; wired/rendering status is not treated as proof of full functionality.","Add/execute real tests for: function, UI, output, download, mobile, error handling.","NOT TESTED","NOT TESTED","NOT TESTED","NOT TESTED","NOT TESTED","NOT TESTED","Not yet behavior-tested"
"MZ Online PowerPoint","mz-online-powerpoint","office-tools","/tools/online-powerpoint","PARTIALLY WORKING","User input","Result","browser","./office/OnlinePowerPoint","No complete browser E2E/mobile verification exists yet; wired/rendering status is not treated as proof of full functionality.","Add/execute real tests for: function, UI, output, download, mobile, error handling.","NOT TESTED","NOT TESTED","NOT TESTED","NOT TESTED","NOT TESTED","NOT TESTED","Not yet behavior-tested"
"MZ Dictionary","mz-dictionary","student-tools","/tools/dictionary","PARTIALLY WORKING","Form/text input","Calculated/text result","api","./reference/MzDictionary","No complete browser E2E/mobile verification exists yet; wired/rendering status is not treated as proof of full functionality.","Add/execute real tests for: function, UI, output, mobile, error handling.","NOT TESTED","NOT TESTED","NOT TESTED","N/A","NOT TESTED","NOT TESTED","Not yet behavior-tested"
"Smart Document Scanner","smart-document-scanner","scanner-tools","/tools/smart-document-scanner","PARTIALLY WORKING","Camera / JPG / PNG / WebP","PDF / searchable PDF / JPG / PNG / TXT","browser","./scanner/SmartDocumentScanner","A concrete runtime/behavior defect was repaired during the 2026-09-20 audit; browser E2E remains pending. Real-device camera behavior, lighting/background robustness, OCR export and mobile gestures still need device E2E tests.","Add/execute real tests for: UI, output, download, mobile.","PASS","NOT TESTED","NOT TESTED","NOT TESTED","NOT TESTED","PASS","2026-09-20 01:19 PKT"
"GPA & CGPA Calculator for Pakistani Universities","gpa-calculator","calculators","/tools/gpa-calculator","PARTIALLY WORKING","Numeric/form input","Calculated result","browser","./calculators/GpaCalculator","No complete browser E2E/mobile verification exists yet; wired/rendering status is not treated as proof of full functionality.","Add/execute real tests for: UI, mobile.","PASS","NOT TESTED","PASS","N/A","NOT TESTED","PASS","2026-09-20 01:19 PKT"
"CGPA Calculator for Pakistani Universities","cgpa-calculator","calculators","/tools/cgpa-calculator","PARTIALLY WORKING","Numeric/form input","Calculated result","browser","./calculators/CgpaCalculator","No complete browser E2E/mobile verification exists yet; wired/rendering status is not treated as proof of full functionality.","Add/execute real tests for: UI, mobile.","PASS","NOT TESTED","PASS","N/A","NOT TESTED","PASS","2026-09-20 01:19 PKT"
"Percentage Calculator","percentage-calculator","utility-tools","/tools/percentage-calculator","PARTIALLY WORKING","Form/text input","Calculated/text result","browser","./calculators/PercentageCalculator","No complete browser E2E/mobile verification exists yet; wired/rendering status is not treated as proof of full functionality.","Add/execute real tests for: UI, mobile.","PASS","NOT TESTED","PASS","N/A","NOT TESTED","PASS","2026-09-20 01:19 PKT"
"Marks Calculator","marks-calculator","calculators","/tools/marks-calculator","PARTIALLY WORKING","Numeric/form input","Calculated result","browser","./calculators/MarksCalculator","No complete browser E2E/mobile verification exists yet; wired/rendering status is not treated as proof of full functionality.","Add/execute real tests for: UI, mobile.","PASS","NOT TESTED","PASS","N/A","NOT TESTED","PASS","2026-09-20 01:19 PKT"
"Grade Calculator","grade-calculator","calculators","/tools/grade-calculator","PARTIALLY WORKING","Numeric/form input","Calculated result","browser","./calculators/GradeCalculator","No complete browser E2E/mobile verification exists yet; wired/rendering status is not treated as proof of full functionality.","Add/execute real tests for: UI, mobile.","PASS","NOT TESTED","PASS","N/A","NOT TESTED","PASS","2026-09-20 01:19 PKT"
"Attendance Calculator","attendance-calculator","calculators","/tools/attendance-calculator","PARTIALLY WORKING","Numeric/form input","Calculated result","browser","./calculators/AttendanceCalculator","No complete browser E2E/mobile verification exists yet; wired/rendering status is not treated as proof of full functionality.","Add/execute real tests for: UI, mobile.","PASS","NOT TESTED","PASS","N/A","NOT TESTED","PASS","2026-09-20 01:19 PKT"
"Age Calculator","age-calculator","utility-tools","/tools/age-calculator","PARTIALLY WORKING","Form/text input","Calculated/text result","browser","./calculators/AgeCalculator","No complete browser E2E/mobile verification exists yet; wired/rendering status is not treated as proof of full functionality.","Add/execute real tests for: UI, mobile.","PASS","NOT TESTED","PASS","N/A","NOT TESTED","PASS","2026-09-20 01:19 PKT"
"Discount Calculator","discount-calculator","utility-tools","/tools/discount-calculator","PARTIALLY WORKING","Form/text input","Calculated/text result","browser","./calculators/DiscountCalculator","No complete browser E2E/mobile verification exists yet; wired/rendering status is not treated as proof of full functionality.","Add/execute real tests for: UI, mobile.","PASS","NOT TESTED","PASS","N/A","NOT TESTED","PASS","2026-09-20 01:19 PKT"
"Average Calculator","average-calculator","utility-tools","/tools/average-calculator","PARTIALLY WORKING","Form/text input","Calculated/text result","browser","./calculators/AverageCalculator","No complete browser E2E/mobile verification exists yet; wired/rendering status is not treated as proof of full functionality.","Add/execute real tests for: UI, mobile.","PASS","NOT TESTED","PASS","N/A","NOT TESTED","PASS","2026-09-20 01:19 PKT"
"Ratio Calculator","ratio-calculator","utility-tools","/tools/ratio-calculator","PARTIALLY WORKING","Form/text input","Calculated/text result","browser","./calculators/RatioCalculator","No complete browser E2E/mobile verification exists yet; wired/rendering status is not treated as proof of full functionality.","Add/execute real tests for: UI, mobile.","PASS","NOT TESTED","PASS","N/A","NOT TESTED","PASS","2026-09-20 01:19 PKT"
"Time Calculator","time-calculator","utility-tools","/tools/time-calculator","PARTIALLY WORKING","Form/text input","Calculated/text result","browser","./calculators/TimeCalculator","No complete browser E2E/mobile verification exists yet; wired/rendering status is not treated as proof of full functionality.","Add/execute real tests for: UI, mobile.","PASS","NOT TESTED","PASS","N/A","NOT TESTED","PASS","2026-09-20 01:19 PKT"
"Study Hours Calculator","study-hours-calculator","calculators","/tools/study-hours-calculator","PARTIALLY WORKING","Numeric/form input","Calculated result","browser","./calculators/StudyHoursCalculator","No complete browser E2E/mobile verification exists yet; wired/rendering status is not treated as proof of full functionality.","Add/execute real tests for: UI, mobile.","PASS","NOT TESTED","PASS","N/A","NOT TESTED","PASS","2026-09-20 01:19 PKT"
"Merge PDF","pdf-merger","pdf-tools","/tools/pdf-merger","PARTIALLY WORKING","PDF files","PDF","browser","./pdf/MergePdf","No complete browser E2E/mobile verification exists yet; wired/rendering status is not treated as proof of full functionality.","Add/execute real tests for: function, UI, output, download, mobile, error handling.","NOT RUN","NOT TESTED","NOT RUN","NOT RUN","NOT TESTED","NOT RUN","Suite present — not run in this audit"
"Split PDF","pdf-splitter","pdf-tools","/tools/pdf-splitter","PARTIALLY WORKING","PDF","PDF","browser","./pdf/SplitPdf","No complete browser E2E/mobile verification exists yet; wired/rendering status is not treated as proof of full functionality.","Add/execute real tests for: function, UI, output, download, mobile, error handling.","NOT RUN","NOT TESTED","NOT RUN","NOT RUN","NOT TESTED","NOT RUN","Suite present — not run in this audit"
"Compress PDF","pdf-compressor","pdf-tools","/tools/pdf-compressor","PARTIALLY WORKING","PDF","PDF","browser","./pdf/CompressPdf","A concrete runtime/behavior defect was repaired during the 2026-09-20 audit; browser E2E remains pending. Medium/high mode may flatten selectable text/forms/links; output is now retained only when it is genuinely smaller.","Add/execute real tests for: function, UI, output, download, mobile, error handling.","NOT RUN","NOT TESTED","NOT RUN","NOT RUN","NOT TESTED","NOT RUN","Suite present — not run in this audit"
"PDF to JPG","pdf-to-jpg","pdf-tools","/tools/pdf-to-jpg","PARTIALLY WORKING","PDF","JPG images","browser","./pdf/PdfToJpg","No complete browser E2E/mobile verification exists yet; wired/rendering status is not treated as proof of full functionality.","Add/execute real tests for: function, UI, output, download, mobile, error handling.","NOT RUN","NOT TESTED","NOT RUN","NOT RUN","NOT TESTED","NOT RUN","Suite present — not run in this audit"
"JPG to PDF","jpg-to-pdf","pdf-tools","/tools/jpg-to-pdf","PARTIALLY WORKING","Image(s)","PDF","browser","./pdf/JpgToPdf","No complete browser E2E/mobile verification exists yet; wired/rendering status is not treated as proof of full functionality.","Add/execute real tests for: function, UI, output, download, mobile, error handling.","NOT RUN","NOT TESTED","NOT RUN","NOT RUN","NOT TESTED","NOT RUN","Suite present — not run in this audit"
"PDF to PNG","pdf-to-png","pdf-tools","/tools/pdf-to-png","PARTIALLY WORKING","PDF","PNG images","browser","./pdf/PdfToPng","No complete browser E2E/mobile verification exists yet; wired/rendering status is not treated as proof of full functionality.","Add/execute real tests for: function, UI, output, download, mobile, error handling.","NOT RUN","NOT TESTED","NOT RUN","NOT RUN","NOT TESTED","NOT RUN","Suite present — not run in this audit"
"Rotate PDF","pdf-rotator","pdf-tools","/tools/pdf-rotator","PARTIALLY WORKING","PDF","PDF","browser","./pdf/RotatePdf","No complete browser E2E/mobile verification exists yet; wired/rendering status is not treated as proof of full functionality.","Add/execute real tests for: function, UI, output, download, mobile, error handling.","NOT RUN","NOT TESTED","NOT RUN","NOT RUN","NOT TESTED","NOT RUN","Suite present — not run in this audit"
"Delete PDF Pages","pdf-delete-pages","pdf-tools","/tools/pdf-delete-pages","PARTIALLY WORKING","PDF","PDF","browser","./pdf/DeletePdfPages","No complete browser E2E/mobile verification exists yet; wired/rendering status is not treated as proof of full functionality.","Add/execute real tests for: function, UI, output, download, mobile, error handling.","NOT RUN","NOT TESTED","NOT RUN","NOT RUN","NOT TESTED","NOT RUN","Suite present — not run in this audit"
"Extract PDF Pages","pdf-extract-pages","pdf-tools","/tools/pdf-extract-pages","PARTIALLY WORKING","PDF","PDF","browser","./pdf/ExtractPdfPages","No complete browser E2E/mobile verification exists yet; wired/rendering status is not treated as proof of full functionality.","Add/execute real tests for: function, UI, output, download, mobile, error handling.","NOT RUN","NOT TESTED","NOT RUN","NOT RUN","NOT TESTED","NOT RUN","Suite present — not run in this audit"
"Reorder PDF Pages","pdf-reorder-pages","pdf-tools","/tools/pdf-reorder-pages","PARTIALLY WORKING","PDF","PDF","browser","./pdf/ReorderPdfPages","No complete browser E2E/mobile verification exists yet; wired/rendering status is not treated as proof of full functionality.","Add/execute real tests for: function, UI, output, download, mobile, error handling.","NOT RUN","NOT TESTED","NOT RUN","NOT RUN","NOT TESTED","NOT RUN","Suite present — not run in this audit"
"PDF Page Counter","pdf-page-counter","pdf-tools","/tools/pdf-page-counter","PARTIALLY WORKING","PDF","Metadata / text result","browser","./pdf/PdfPageCounter","No complete browser E2E/mobile verification exists yet; wired/rendering status is not treated as proof of full functionality.","Add/execute real tests for: function, UI, output, download, mobile, error handling.","NOT RUN","NOT TESTED","NOT RUN","NOT RUN","NOT TESTED","NOT RUN","Suite present — not run in this audit"
"Add Watermark","pdf-watermark","pdf-tools","/tools/pdf-watermark","PARTIALLY WORKING","PDF","PDF","browser","./pdf/PdfWatermark","No complete browser E2E/mobile verification exists yet; wired/rendering status is not treated as proof of full functionality.","Add/execute real tests for: function, UI, output, download, mobile, error handling.","NOT RUN","NOT TESTED","NOT RUN","NOT RUN","NOT TESTED","NOT RUN","Suite present — not run in this audit"
"PDF Metadata Viewer","pdf-metadata-viewer","pdf-tools","/tools/pdf-metadata-viewer","PARTIALLY WORKING","PDF","Metadata / text result","browser","./pdf/PdfMetadataViewer","No complete browser E2E/mobile verification exists yet; wired/rendering status is not treated as proof of full functionality.","Add/execute real tests for: function, UI, output, download, mobile, error handling.","NOT RUN","NOT TESTED","NOT RUN","NOT RUN","NOT TESTED","NOT RUN","Suite present — not run in this audit"
"Image Compressor","image-compressor","image-tools","/tools/image-compressor","PARTIALLY WORKING","Image","Image / file","browser","./image/ImageCompressor","No complete browser E2E/mobile verification exists yet; wired/rendering status is not treated as proof of full functionality.","Add/execute real tests for: function, UI, output, download, mobile, error handling.","NOT RUN","NOT TESTED","NOT RUN","NOT RUN","NOT TESTED","NOT RUN","Suite present — not run in this audit"
"Image Resizer","image-resizer","image-tools","/tools/image-resizer","PARTIALLY WORKING","Image","Image / file","browser","./image/ImageResizer","No complete browser E2E/mobile verification exists yet; wired/rendering status is not treated as proof of full functionality.","Add/execute real tests for: function, UI, output, download, mobile, error handling.","NOT RUN","NOT TESTED","NOT RUN","NOT RUN","NOT TESTED","NOT RUN","Suite present — not run in this audit"
"JPG to PNG","jpg-to-png","image-tools","/tools/jpg-to-png","PARTIALLY WORKING","Image","Image / file","browser","./image/JpgToPng","No complete browser E2E/mobile verification exists yet; wired/rendering status is not treated as proof of full functionality.","Add/execute real tests for: function, UI, output, download, mobile, error handling.","NOT RUN","NOT TESTED","NOT RUN","NOT RUN","NOT TESTED","NOT RUN","Suite present — not run in this audit"
"PNG to JPG","png-to-jpg","image-tools","/tools/png-to-jpg","PARTIALLY WORKING","Image","Image / file","browser","./image/PngToJpg","No complete browser E2E/mobile verification exists yet; wired/rendering status is not treated as proof of full functionality.","Add/execute real tests for: function, UI, output, download, mobile, error handling.","NOT RUN","NOT TESTED","NOT RUN","NOT RUN","NOT TESTED","NOT RUN","Suite present — not run in this audit"
"JPG to WebP","jpg-to-webp","image-tools","/tools/jpg-to-webp","PARTIALLY WORKING","Image","Image / file","browser","./image/JpgToWebp","No complete browser E2E/mobile verification exists yet; wired/rendering status is not treated as proof of full functionality.","Add/execute real tests for: function, UI, output, download, mobile, error handling.","NOT RUN","NOT TESTED","NOT RUN","NOT RUN","NOT TESTED","NOT RUN","Suite present — not run in this audit"
"PNG to WebP","png-to-webp","image-tools","/tools/png-to-webp","PARTIALLY WORKING","Image","Image / file","browser","./image/PngToWebp","No complete browser E2E/mobile verification exists yet; wired/rendering status is not treated as proof of full functionality.","Add/execute real tests for: function, UI, output, download, mobile, error handling.","NOT RUN","NOT TESTED","NOT RUN","NOT RUN","NOT TESTED","NOT RUN","Suite present — not run in this audit"
"WebP to JPG","webp-to-jpg","image-tools","/tools/webp-to-jpg","PARTIALLY WORKING","Image","Image / file","browser","./image/WebpToJpg","No complete browser E2E/mobile verification exists yet; wired/rendering status is not treated as proof of full functionality.","Add/execute real tests for: function, UI, output, download, mobile, error handling.","NOT RUN","NOT TESTED","NOT RUN","NOT RUN","NOT TESTED","NOT RUN","Suite present — not run in this audit"
"Image Cropper","image-cropper","image-tools","/tools/image-cropper","PARTIALLY WORKING","Image","Image / file","browser","./image/ImageCropper","No complete browser E2E/mobile verification exists yet; wired/rendering status is not treated as proof of full functionality.","Add/execute real tests for: function, UI, output, download, mobile, error handling.","NOT RUN","NOT TESTED","NOT RUN","NOT RUN","NOT TESTED","NOT RUN","Suite present — not run in this audit"
"Image Rotator","image-rotator","image-tools","/tools/image-rotator","PARTIALLY WORKING","Image","Image / file","browser","./image/ImageRotator","No complete browser E2E/mobile verification exists yet; wired/rendering status is not treated as proof of full functionality.","Add/execute real tests for: function, UI, output, download, mobile, error handling.","NOT RUN","NOT TESTED","NOT RUN","NOT RUN","NOT TESTED","NOT RUN","Suite present — not run in this audit"
"Image to PDF","image-to-pdf","image-tools","/tools/image-to-pdf","PARTIALLY WORKING","Image(s)","PDF","browser","./image/ImageToPdf","No complete browser E2E/mobile verification exists yet; wired/rendering status is not treated as proof of full functionality.","Add/execute real tests for: function, UI, output, download, mobile, error handling.","NOT RUN","NOT TESTED","NOT RUN","NOT RUN","NOT TESTED","NOT RUN","Suite present — not run in this audit"
"Passport Photo Resizer","passport-photo-resizer","image-tools","/tools/passport-photo-resizer","PARTIALLY WORKING","Image","Image / file","browser","./image/PassportPhotoResizer","No complete browser E2E/mobile verification exists yet; wired/rendering status is not treated as proof of full functionality.","Add/execute real tests for: function, UI, output, download, mobile, error handling.","NOT RUN","NOT TESTED","NOT RUN","NOT RUN","NOT TESTED","NOT RUN","Suite present — not run in this audit"
"Word Counter","word-counter","text-tools","/tools/word-counter","PARTIALLY WORKING","Text","Text / statistics","browser","./UtilityTool","No complete browser E2E/mobile verification exists yet; wired/rendering status is not treated as proof of full functionality.","Add/execute real tests for: function, UI, output, download, mobile, error handling.","NOT TESTED","NOT TESTED","NOT TESTED","NOT TESTED","NOT TESTED","NOT TESTED","Not yet behavior-tested"
"Character Counter","character-counter","text-tools","/tools/character-counter","PARTIALLY WORKING","Text","Text / statistics","browser","./UtilityTool","No complete browser E2E/mobile verification exists yet; wired/rendering status is not treated as proof of full functionality.","Add/execute real tests for: function, UI, output, download, mobile, error handling.","NOT TESTED","NOT TESTED","NOT TESTED","NOT TESTED","NOT TESTED","NOT TESTED","Not yet behavior-tested"
"Sentence Counter","sentence-counter","text-tools","/tools/sentence-counter","PARTIALLY WORKING","Text","Text / statistics","browser","./UtilityTool","No complete browser E2E/mobile verification exists yet; wired/rendering status is not treated as proof of full functionality.","Add/execute real tests for: function, UI, output, download, mobile, error handling.","NOT TESTED","NOT TESTED","NOT TESTED","NOT TESTED","NOT TESTED","NOT TESTED","Not yet behavior-tested"
"Case Converter","case-converter","text-tools","/tools/case-converter","PARTIALLY WORKING","Text","Text / statistics","browser","./UtilityTool","No complete browser E2E/mobile verification exists yet; wired/rendering status is not treated as proof of full functionality.","Add/execute real tests for: function, UI, output, download, mobile, error handling.","NOT TESTED","NOT TESTED","NOT TESTED","NOT TESTED","NOT TESTED","NOT TESTED","Not yet behavior-tested"
"Remove Extra Spaces","remove-extra-spaces","text-tools","/tools/remove-extra-spaces","PARTIALLY WORKING","Text","Text / statistics","browser","./UtilityTool","No complete browser E2E/mobile verification exists yet; wired/rendering status is not treated as proof of full functionality.","Add/execute real tests for: function, UI, output, download, mobile, error handling.","NOT TESTED","NOT TESTED","NOT TESTED","NOT TESTED","NOT TESTED","NOT TESTED","Not yet behavior-tested"
"Remove Duplicate Lines","remove-duplicate-lines","text-tools","/tools/remove-duplicate-lines","PARTIALLY WORKING","Text","Text / statistics","browser","./UtilityTool","No complete browser E2E/mobile verification exists yet; wired/rendering status is not treated as proof of full functionality.","Add/execute real tests for: function, UI, output, download, mobile, error handling.","NOT TESTED","NOT TESTED","NOT TESTED","NOT TESTED","NOT TESTED","NOT TESTED","Not yet behavior-tested"
"Text Cleaner","text-cleaner","text-tools","/tools/text-cleaner","PARTIALLY WORKING","Text","Text / statistics","browser","./UtilityTool","No complete browser E2E/mobile verification exists yet; wired/rendering status is not treated as proof of full functionality.","Add/execute real tests for: function, UI, output, download, mobile, error handling.","NOT TESTED","NOT TESTED","NOT TESTED","NOT TESTED","NOT TESTED","NOT TESTED","Not yet behavior-tested"
"Text Sorter","text-sorter","text-tools","/tools/text-sorter","PARTIALLY WORKING","Text","Text / statistics","browser","./UtilityTool","No complete browser E2E/mobile verification exists yet; wired/rendering status is not treated as proof of full functionality.","Add/execute real tests for: function, UI, output, download, mobile, error handling.","NOT TESTED","NOT TESTED","NOT TESTED","NOT TESTED","NOT TESTED","NOT TESTED","Not yet behavior-tested"
"Text Reverser","text-reverser","text-tools","/tools/text-reverser","PARTIALLY WORKING","Text","Text / statistics","browser","./UtilityTool","No complete browser E2E/mobile verification exists yet; wired/rendering status is not treated as proof of full functionality.","Add/execute real tests for: function, UI, output, download, mobile, error handling.","NOT TESTED","NOT TESTED","NOT TESTED","NOT TESTED","NOT TESTED","NOT TESTED","Not yet behavior-tested"
"Text to Slug","text-to-slug","text-tools","/tools/text-to-slug","PARTIALLY WORKING","Text","Text / statistics","browser","./UtilityTool","No complete browser E2E/mobile verification exists yet; wired/rendering status is not treated as proof of full functionality.","Add/execute real tests for: function, UI, output, download, mobile, error handling.","NOT TESTED","NOT TESTED","NOT TESTED","NOT TESTED","NOT TESTED","NOT TESTED","Not yet behavior-tested"
"Reading Time Calculator","reading-time-calculator","text-tools","/tools/reading-time-calculator","PARTIALLY WORKING","Text","Text / statistics","browser","./UtilityTool","No complete browser E2E/mobile verification exists yet; wired/rendering status is not treated as proof of full functionality.","Add/execute real tests for: function, UI, output, download, mobile, error handling.","NOT TESTED","NOT TESTED","NOT TESTED","NOT TESTED","NOT TESTED","NOT TESTED","Not yet behavior-tested"
"Line Counter","line-counter","text-tools","/tools/line-counter","PARTIALLY WORKING","Text","Text / statistics","browser","./UtilityTool","No complete browser E2E/mobile verification exists yet; wired/rendering status is not treated as proof of full functionality.","Add/execute real tests for: function, UI, output, download, mobile, error handling.","NOT TESTED","NOT TESTED","NOT TESTED","NOT TESTED","NOT TESTED","NOT TESTED","Not yet behavior-tested"
"JSON Viewer","json-viewer","developer-tools","/tools/json-viewer","PARTIALLY WORKING","Text / code / structured data","Text / code result","browser","./UtilityTool","No complete browser E2E/mobile verification exists yet; wired/rendering status is not treated as proof of full functionality.","Add/execute real tests for: function, UI, output, download, mobile, error handling.","NOT TESTED","NOT TESTED","NOT TESTED","NOT TESTED","NOT TESTED","NOT TESTED","Not yet behavior-tested"
"JSON Formatter","json-formatter","developer-tools","/tools/json-formatter","PARTIALLY WORKING","Text / code / structured data","Text / code result","browser","./UtilityTool","No complete browser E2E/mobile verification exists yet; wired/rendering status is not treated as proof of full functionality.","Add/execute real tests for: function, UI, output, download, mobile, error handling.","NOT TESTED","NOT TESTED","NOT TESTED","NOT TESTED","NOT TESTED","NOT TESTED","Not yet behavior-tested"
"JSON Validator","json-validator","developer-tools","/tools/json-validator","PARTIALLY WORKING","Text / code / structured data","Text / code result","browser","./UtilityTool","No complete browser E2E/mobile verification exists yet; wired/rendering status is not treated as proof of full functionality.","Add/execute real tests for: function, UI, output, download, mobile, error handling.","NOT TESTED","NOT TESTED","NOT TESTED","NOT TESTED","NOT TESTED","NOT TESTED","Not yet behavior-tested"
"JSON Minifier","json-minifier","developer-tools","/tools/json-minifier","PARTIALLY WORKING","Text / code / structured data","Text / code result","browser","./UtilityTool","No complete browser E2E/mobile verification exists yet; wired/rendering status is not treated as proof of full functionality.","Add/execute real tests for: function, UI, output, download, mobile, error handling.","NOT TESTED","NOT TESTED","NOT TESTED","NOT TESTED","NOT TESTED","NOT TESTED","Not yet behavior-tested"
"Base64 Encoder","base64-encoder","developer-tools","/tools/base64-encoder","PARTIALLY WORKING","Text / code / structured data","Text / code result","browser","./UtilityTool","No complete browser E2E/mobile verification exists yet; wired/rendering status is not treated as proof of full functionality.","Add/execute real tests for: function, UI, output, download, mobile, error handling.","NOT TESTED","NOT TESTED","NOT TESTED","NOT TESTED","NOT TESTED","NOT TESTED","Not yet behavior-tested"
"Base64 Decoder","base64-decoder","developer-tools","/tools/base64-decoder","PARTIALLY WORKING","Text / code / structured data","Text / code result","browser","./UtilityTool","No complete browser E2E/mobile verification exists yet; wired/rendering status is not treated as proof of full functionality.","Add/execute real tests for: function, UI, output, download, mobile, error handling.","NOT TESTED","NOT TESTED","NOT TESTED","NOT TESTED","NOT TESTED","NOT TESTED","Not yet behavior-tested"
"URL Encoder","url-encoder","developer-tools","/tools/url-encoder","PARTIALLY WORKING","Text / code / structured data","Text / code result","browser","./UtilityTool","No complete browser E2E/mobile verification exists yet; wired/rendering status is not treated as proof of full functionality.","Add/execute real tests for: function, UI, output, download, mobile, error handling.","NOT TESTED","NOT TESTED","NOT TESTED","NOT TESTED","NOT TESTED","NOT TESTED","Not yet behavior-tested"
"URL Decoder","url-decoder","developer-tools","/tools/url-decoder","PARTIALLY WORKING","Text / code / structured data","Text / code result","browser","./UtilityTool","No complete browser E2E/mobile verification exists yet; wired/rendering status is not treated as proof of full functionality.","Add/execute real tests for: function, UI, output, download, mobile, error handling.","NOT TESTED","NOT TESTED","NOT TESTED","NOT TESTED","NOT TESTED","NOT TESTED","Not yet behavior-tested"
"HTML Formatter","html-formatter","developer-tools","/tools/html-formatter","PARTIALLY WORKING","Text / code / structured data","Text / code result","browser","./UtilityTool","No complete browser E2E/mobile verification exists yet; wired/rendering status is not treated as proof of full functionality.","Add/execute real tests for: function, UI, output, download, mobile, error handling.","NOT TESTED","NOT TESTED","NOT TESTED","NOT TESTED","NOT TESTED","NOT TESTED","Not yet behavior-tested"
"CSS Formatter","css-formatter","developer-tools","/tools/css-formatter","PARTIALLY WORKING","Text / code / structured data","Text / code result","browser","./UtilityTool","No complete browser E2E/mobile verification exists yet; wired/rendering status is not treated as proof of full functionality.","Add/execute real tests for: function, UI, output, download, mobile, error handling.","NOT TESTED","NOT TESTED","NOT TESTED","NOT TESTED","NOT TESTED","NOT TESTED","Not yet behavior-tested"
"JavaScript Formatter","javascript-formatter","developer-tools","/tools/javascript-formatter","PARTIALLY WORKING","Text / code / structured data","Text / code result","browser","./UtilityTool","No complete browser E2E/mobile verification exists yet; wired/rendering status is not treated as proof of full functionality.","Add/execute real tests for: function, UI, output, download, mobile, error handling.","NOT TESTED","NOT TESTED","NOT TESTED","NOT TESTED","NOT TESTED","NOT TESTED","Not yet behavior-tested"
"Regex Tester","regex-tester","developer-tools","/tools/regex-tester","PARTIALLY WORKING","Text / code / structured data","Text / code result","browser","./UtilityTool","No complete browser E2E/mobile verification exists yet; wired/rendering status is not treated as proof of full functionality.","Add/execute real tests for: function, UI, output, download, mobile, error handling.","NOT TESTED","NOT TESTED","NOT TESTED","NOT TESTED","NOT TESTED","NOT TESTED","Not yet behavior-tested"
"Binary Converter","binary-converter","developer-tools","/tools/binary-converter","PARTIALLY WORKING","Text / code / structured data","Text / code result","browser","./UtilityTool","No complete browser E2E/mobile verification exists yet; wired/rendering status is not treated as proof of full functionality.","Add/execute real tests for: function, UI, output, download, mobile, error handling.","NOT TESTED","NOT TESTED","NOT TESTED","NOT TESTED","NOT TESTED","NOT TESTED","Not yet behavior-tested"
"Decimal Converter","decimal-converter","developer-tools","/tools/decimal-converter","PARTIALLY WORKING","Text / code / structured data","Text / code result","browser","./UtilityTool","No complete browser E2E/mobile verification exists yet; wired/rendering status is not treated as proof of full functionality.","Add/execute real tests for: function, UI, output, download, mobile, error handling.","NOT TESTED","NOT TESTED","NOT TESTED","NOT TESTED","NOT TESTED","NOT TESTED","Not yet behavior-tested"
"Hex Converter","hex-converter","developer-tools","/tools/hex-converter","PARTIALLY WORKING","Text / code / structured data","Text / code result","browser","./UtilityTool","No complete browser E2E/mobile verification exists yet; wired/rendering status is not treated as proof of full functionality.","Add/execute real tests for: function, UI, output, download, mobile, error handling.","NOT TESTED","NOT TESTED","NOT TESTED","NOT TESTED","NOT TESTED","NOT TESTED","Not yet behavior-tested"
"Unix Timestamp Converter","unix-timestamp-converter","developer-tools","/tools/unix-timestamp-converter","PARTIALLY WORKING","Text / code / structured data","Text / code result","browser","./UtilityTool","No complete browser E2E/mobile verification exists yet; wired/rendering status is not treated as proof of full functionality.","Add/execute real tests for: function, UI, output, download, mobile, error handling.","NOT TESTED","NOT TESTED","NOT TESTED","NOT TESTED","NOT TESTED","NOT TESTED","Not yet behavior-tested"
"UUID Generator","uuid-generator","developer-tools","/tools/uuid-generator","PARTIALLY WORKING","Text / code / structured data","Text / code result","browser","./UtilityTool","No complete browser E2E/mobile verification exists yet; wired/rendering status is not treated as proof of full functionality.","Add/execute real tests for: function, UI, output, download, mobile, error handling.","NOT TESTED","NOT TESTED","NOT TESTED","NOT TESTED","NOT TESTED","NOT TESTED","Not yet behavior-tested"
"Password Generator","password-generator","developer-tools","/tools/password-generator","PARTIALLY WORKING","Text / code / structured data","Text / code result","browser","./UtilityTool","No complete browser E2E/mobile verification exists yet; wired/rendering status is not treated as proof of full functionality.","Add/execute real tests for: function, UI, output, download, mobile, error handling.","NOT TESTED","NOT TESTED","NOT TESTED","NOT TESTED","NOT TESTED","NOT TESTED","Not yet behavior-tested"
"Assignment Cover Page Generator","assignment-cover-page-generator","document-tools","/tools/assignment-cover-page-generator","PARTIALLY WORKING","Text / document fields","Document / text file","browser","./UtilityTool","No complete browser E2E/mobile verification exists yet; wired/rendering status is not treated as proof of full functionality.","Add/execute real tests for: function, UI, output, download, mobile, error handling.","NOT TESTED","NOT TESTED","NOT TESTED","NOT TESTED","NOT TESTED","NOT TESTED","Not yet behavior-tested"
"Student CV Builder","student-cv-builder","document-tools","/tools/student-cv-builder","PARTIALLY WORKING","Text / document fields","Document / text file","browser","./UtilityTool","No complete browser E2E/mobile verification exists yet; wired/rendering status is not treated as proof of full functionality.","Add/execute real tests for: function, UI, output, download, mobile, error handling.","NOT TESTED","NOT TESTED","NOT TESTED","NOT TESTED","NOT TESTED","NOT TESTED","Not yet behavior-tested"
"Resume Builder","resume-builder","document-tools","/tools/resume-builder","PARTIALLY WORKING","Text / document fields","Document / text file","browser","./UtilityTool","No complete browser E2E/mobile verification exists yet; wired/rendering status is not treated as proof of full functionality.","Add/execute real tests for: function, UI, output, download, mobile, error handling.","NOT TESTED","NOT TESTED","NOT TESTED","NOT TESTED","NOT TESTED","NOT TESTED","Not yet behavior-tested"
"Cover Letter Generator","cover-letter-generator","document-tools","/tools/cover-letter-generator","PARTIALLY WORKING","Text / document fields","Document / text file","browser","./UtilityTool","No complete browser E2E/mobile verification exists yet; wired/rendering status is not treated as proof of full functionality.","Add/execute real tests for: function, UI, output, download, mobile, error handling.","NOT TESTED","NOT TESTED","NOT TESTED","NOT TESTED","NOT TESTED","NOT TESTED","Not yet behavior-tested"
"Simple Application Generator","application-generator","document-tools","/tools/application-generator","PARTIALLY WORKING","Text / document fields","Document / text file","browser","./UtilityTool","No complete browser E2E/mobile verification exists yet; wired/rendering status is not treated as proof of full functionality.","Add/execute real tests for: function, UI, output, download, mobile, error handling.","NOT TESTED","NOT TESTED","NOT TESTED","NOT TESTED","NOT TESTED","NOT TESTED","Not yet behavior-tested"
"Study Timetable Generator","study-timetable-generator","document-tools","/tools/study-timetable-generator","PARTIALLY WORKING","Text / document fields","Document / text file","browser","./UtilityTool","No complete browser E2E/mobile verification exists yet; wired/rendering status is not treated as proof of full functionality.","Add/execute real tests for: function, UI, output, download, mobile, error handling.","NOT TESTED","NOT TESTED","NOT TESTED","NOT TESTED","NOT TESTED","NOT TESTED","Not yet behavior-tested"
"Project Report Cover Generator","project-report-cover-generator","document-tools","/tools/project-report-cover-generator","PARTIALLY WORKING","Text / document fields","Document / text file","browser","./UtilityTool","No complete browser E2E/mobile verification exists yet; wired/rendering status is not treated as proof of full functionality.","Add/execute real tests for: function, UI, output, download, mobile, error handling.","NOT TESTED","NOT TESTED","NOT TESTED","NOT TESTED","NOT TESTED","NOT TESTED","Not yet behavior-tested"
"Internship Application","internship-application","document-tools","/tools/internship-application","PARTIALLY WORKING","Text / document fields","Document / text file","browser","./UtilityTool","No complete browser E2E/mobile verification exists yet; wired/rendering status is not treated as proof of full functionality.","Add/execute real tests for: function, UI, output, download, mobile, error handling.","NOT TESTED","NOT TESTED","NOT TESTED","NOT TESTED","NOT TESTED","NOT TESTED","Not yet behavior-tested"
"Leave Application","leave-application","document-tools","/tools/leave-application","PARTIALLY WORKING","Text / document fields","Document / text file","browser","./UtilityTool","No complete browser E2E/mobile verification exists yet; wired/rendering status is not treated as proof of full functionality.","Add/execute real tests for: function, UI, output, download, mobile, error handling.","NOT TESTED","NOT TESTED","NOT TESTED","NOT TESTED","NOT TESTED","NOT TESTED","Not yet behavior-tested"
"Scholarship Application","scholarship-application","document-tools","/tools/scholarship-application","PARTIALLY WORKING","Text / document fields","Document / text file","browser","./UtilityTool","No complete browser E2E/mobile verification exists yet; wired/rendering status is not treated as proof of full functionality.","Add/execute real tests for: function, UI, output, download, mobile, error handling.","NOT TESTED","NOT TESTED","NOT TESTED","NOT TESTED","NOT TESTED","NOT TESTED","Not yet behavior-tested"
"University Aggregate Calculator","university-aggregate-calculator","university-tools","/tools/university-aggregate-calculator","PARTIALLY WORKING","Form/text input","Calculated/text result","browser","./UtilityTool","No complete browser E2E/mobile verification exists yet; wired/rendering status is not treated as proof of full functionality.","Add/execute real tests for: function, UI, output, mobile, error handling.","NOT TESTED","NOT TESTED","NOT TESTED","N/A","NOT TESTED","NOT TESTED","Not yet behavior-tested"
"Merit Calculator","merit-calculator","university-tools","/tools/merit-calculator","PARTIALLY WORKING","Form/text input","Calculated/text result","browser","./UtilityTool","No complete browser E2E/mobile verification exists yet; wired/rendering status is not treated as proof of full functionality.","Add/execute real tests for: function, UI, output, mobile, error handling.","NOT TESTED","NOT TESTED","NOT TESTED","N/A","NOT TESTED","NOT TESTED","Not yet behavior-tested"
"Semester Calculator","semester-calculator","university-tools","/tools/semester-calculator","PARTIALLY WORKING","Form/text input","Calculated/text result","browser","./UtilityTool","No complete browser E2E/mobile verification exists yet; wired/rendering status is not treated as proof of full functionality.","Add/execute real tests for: function, UI, output, mobile, error handling.","NOT TESTED","NOT TESTED","NOT TESTED","N/A","NOT TESTED","NOT TESTED","Not yet behavior-tested"
"Credit Hour Calculator","credit-hour-calculator","university-tools","/tools/credit-hour-calculator","PARTIALLY WORKING","Form/text input","Calculated/text result","browser","./UtilityTool","No complete browser E2E/mobile verification exists yet; wired/rendering status is not treated as proof of full functionality.","Add/execute real tests for: function, UI, output, mobile, error handling.","NOT TESTED","NOT TESTED","NOT TESTED","N/A","NOT TESTED","NOT TESTED","Not yet behavior-tested"
"Scholarship Percentage Calculator","scholarship-percentage-calculator","university-tools","/tools/scholarship-percentage-calculator","PARTIALLY WORKING","Form/text input","Calculated/text result","browser","./UtilityTool","No complete browser E2E/mobile verification exists yet; wired/rendering status is not treated as proof of full functionality.","Add/execute real tests for: function, UI, output, mobile, error handling.","NOT TESTED","NOT TESTED","NOT TESTED","N/A","NOT TESTED","NOT TESTED","Not yet behavior-tested"
"Pomodoro Timer","pomodoro-timer","productivity-tools","/tools/pomodoro-timer","PARTIALLY WORKING","User entries / time","On-screen/local result","browser","./UtilityTool","No complete browser E2E/mobile verification exists yet; wired/rendering status is not treated as proof of full functionality.","Add/execute real tests for: function, UI, output, mobile, error handling.","NOT TESTED","NOT TESTED","NOT TESTED","N/A","NOT TESTED","NOT TESTED","Not yet behavior-tested"
"Stopwatch","stopwatch","productivity-tools","/tools/stopwatch","PARTIALLY WORKING","User entries / time","On-screen/local result","browser","./UtilityTool","No complete browser E2E/mobile verification exists yet; wired/rendering status is not treated as proof of full functionality.","Add/execute real tests for: function, UI, output, mobile, error handling.","NOT TESTED","NOT TESTED","NOT TESTED","N/A","NOT TESTED","NOT TESTED","Not yet behavior-tested"
"Countdown Timer","countdown-timer","productivity-tools","/tools/countdown-timer","PARTIALLY WORKING","User entries / time","On-screen/local result","browser","./UtilityTool","No complete browser E2E/mobile verification exists yet; wired/rendering status is not treated as proof of full functionality.","Add/execute real tests for: function, UI, output, mobile, error handling.","NOT TESTED","NOT TESTED","NOT TESTED","N/A","NOT TESTED","NOT TESTED","Not yet behavior-tested"
"Study Timer","study-timer","productivity-tools","/tools/study-timer","PARTIALLY WORKING","User entries / time","On-screen/local result","browser","./UtilityTool","No complete browser E2E/mobile verification exists yet; wired/rendering status is not treated as proof of full functionality.","Add/execute real tests for: function, UI, output, mobile, error handling.","NOT TESTED","NOT TESTED","NOT TESTED","N/A","NOT TESTED","NOT TESTED","Not yet behavior-tested"
"To-Do List","todo-list","productivity-tools","/tools/todo-list","PARTIALLY WORKING","User entries / time","On-screen/local result","browser","./UtilityTool","No complete browser E2E/mobile verification exists yet; wired/rendering status is not treated as proof of full functionality.","Add/execute real tests for: function, UI, output, mobile, error handling.","NOT TESTED","NOT TESTED","NOT TESTED","N/A","NOT TESTED","NOT TESTED","Not yet behavior-tested"
"Daily Study Planner","daily-study-planner","productivity-tools","/tools/daily-study-planner","PARTIALLY WORKING","User entries / time","On-screen/local result","browser","./UtilityTool","No complete browser E2E/mobile verification exists yet; wired/rendering status is not treated as proof of full functionality.","Add/execute real tests for: function, UI, output, mobile, error handling.","NOT TESTED","NOT TESTED","NOT TESTED","N/A","NOT TESTED","NOT TESTED","Not yet behavior-tested"
"Random Study Topic Generator","random-study-topic-generator","productivity-tools","/tools/random-study-topic-generator","PARTIALLY WORKING","User entries / time","On-screen/local result","browser","./UtilityTool","No complete browser E2E/mobile verification exists yet; wired/rendering status is not treated as proof of full functionality.","Add/execute real tests for: function, UI, output, mobile, error handling.","NOT TESTED","NOT TESTED","NOT TESTED","N/A","NOT TESTED","NOT TESTED","Not yet behavior-tested"
"PDF to Word","pdf-to-word","pdf-tools","/tools/pdf-to-word","PARTIALLY WORKING","PDF","DOCX","browser","./expanded/ExpandedTool","Conversion is text-extraction based and does not reproduce the source PDF layout/table semantics exactly.","Add/execute real tests for: function, UI, output, download, mobile, error handling.","NOT TESTED","NOT TESTED","NOT TESTED","NOT TESTED","NOT TESTED","NOT TESTED","Not yet behavior-tested"
"PDF to Excel","pdf-to-excel","pdf-tools","/tools/pdf-to-excel","PARTIALLY WORKING","PDF","XLSX","browser","./expanded/ExpandedTool","Conversion is text-extraction based and does not reproduce the source PDF layout/table semantics exactly.","Add/execute real tests for: function, UI, output, download, mobile, error handling.","NOT TESTED","NOT TESTED","NOT TESTED","NOT TESTED","NOT TESTED","NOT TESTED","Not yet behavior-tested"
"PDF to PowerPoint","pdf-to-powerpoint","pdf-tools","/tools/pdf-to-powerpoint","PARTIALLY WORKING","PDF","PPTX","browser","./expanded/ExpandedTool","Conversion is text-extraction based and does not reproduce the source PDF layout/table semantics exactly.","Add/execute real tests for: function, UI, output, download, mobile, error handling.","NOT TESTED","NOT TESTED","NOT TESTED","NOT TESTED","NOT TESTED","NOT TESTED","Not yet behavior-tested"
"PDF to Text","pdf-to-text","pdf-tools","/tools/pdf-to-text","PARTIALLY WORKING","PDF","Text","browser","./expanded/ExpandedTool","No complete browser E2E/mobile verification exists yet; wired/rendering status is not treated as proof of full functionality.","Add/execute real tests for: function, UI, output, download, mobile, error handling.","NOT TESTED","NOT TESTED","NOT TESTED","NOT TESTED","NOT TESTED","NOT TESTED","Not yet behavior-tested"
"PDF OCR","pdf-ocr","pdf-tools","/tools/pdf-ocr","PARTIALLY WORKING","PDF","Text","browser","./expanded/ExpandedTool","No complete browser E2E/mobile verification exists yet; wired/rendering status is not treated as proof of full functionality.","Add/execute real tests for: function, UI, output, download, mobile, error handling.","NOT TESTED","NOT TESTED","NOT TESTED","NOT TESTED","NOT TESTED","NOT TESTED","Not yet behavior-tested"
"Scanned PDF to Searchable PDF","scanned-pdf-to-searchable-pdf","pdf-tools","/tools/scanned-pdf-to-searchable-pdf","PARTIALLY WORKING","Scanned PDF","Searchable PDF","browser","./expanded/ExpandedTool","No complete browser E2E/mobile verification exists yet; wired/rendering status is not treated as proof of full functionality.","Add/execute real tests for: function, UI, output, download, mobile, error handling.","NOT TESTED","NOT TESTED","NOT TESTED","NOT TESTED","NOT TESTED","NOT TESTED","Not yet behavior-tested"
"Text to PDF","text-to-pdf","document-tools","/tools/text-to-pdf","PARTIALLY WORKING","Text / document fields","Document / text file","browser","./expanded/ExpandedTool","A concrete runtime/behavior defect was repaired during the 2026-09-20 audit; browser E2E remains pending.","Add/execute real tests for: function, UI, output, download, mobile, error handling.","NOT TESTED","NOT TESTED","NOT TESTED","NOT TESTED","NOT TESTED","NOT TESTED","Not yet behavior-tested"
"Markdown to PDF","markdown-to-pdf","document-tools","/tools/markdown-to-pdf","PARTIALLY WORKING","Text / document fields","Document / text file","browser","./expanded/ExpandedTool","A concrete runtime/behavior defect was repaired during the 2026-09-20 audit; browser E2E remains pending.","Add/execute real tests for: function, UI, output, download, mobile, error handling.","NOT TESTED","NOT TESTED","NOT TESTED","NOT TESTED","NOT TESTED","NOT TESTED","Not yet behavior-tested"
"DOCX Viewer","docx-viewer","document-tools","/tools/docx-viewer","PARTIALLY WORKING","DOCX","Text","browser","./expanded/ExpandedTool","No complete browser E2E/mobile verification exists yet; wired/rendering status is not treated as proof of full functionality.","Add/execute real tests for: function, UI, output, download, mobile, error handling.","NOT TESTED","NOT TESTED","NOT TESTED","NOT TESTED","NOT TESTED","NOT TESTED","Not yet behavior-tested"
"DOCX Text Extractor","docx-text-extractor","document-tools","/tools/docx-text-extractor","PARTIALLY WORKING","DOCX","Text","browser","./expanded/ExpandedTool","No complete browser E2E/mobile verification exists yet; wired/rendering status is not treated as proof of full functionality.","Add/execute real tests for: function, UI, output, download, mobile, error handling.","NOT TESTED","NOT TESTED","NOT TESTED","NOT TESTED","NOT TESTED","NOT TESTED","Not yet behavior-tested"
"TXT to DOCX","txt-to-docx","document-tools","/tools/txt-to-docx","PARTIALLY WORKING","Text","DOCX","browser","./expanded/ExpandedTool","A concrete runtime/behavior defect was repaired during the 2026-09-20 audit; browser E2E remains pending.","Add/execute real tests for: function, UI, output, download, mobile, error handling.","NOT TESTED","NOT TESTED","NOT TESTED","NOT TESTED","NOT TESTED","NOT TESTED","Not yet behavior-tested"
"HTML to DOCX","html-to-docx","document-tools","/tools/html-to-docx","PARTIALLY WORKING","HTML text","DOCX","browser","./expanded/ExpandedTool","A concrete runtime/behavior defect was repaired during the 2026-09-20 audit; browser E2E remains pending. Produces a real DOCX but intentionally simplifies advanced HTML/CSS styling.","Add/execute real tests for: function, UI, output, download, mobile, error handling.","NOT TESTED","NOT TESTED","NOT TESTED","NOT TESTED","NOT TESTED","NOT TESTED","Not yet behavior-tested"
"Markdown to HTML","markdown-to-html","document-tools","/tools/markdown-to-html","PARTIALLY WORKING","Text / document fields","Document / text file","browser","./expanded/ExpandedTool","A concrete runtime/behavior defect was repaired during the 2026-09-20 audit; browser E2E remains pending.","Add/execute real tests for: function, UI, output, download, mobile, error handling.","NOT TESTED","NOT TESTED","NOT TESTED","NOT TESTED","NOT TESTED","NOT TESTED","Not yet behavior-tested"
"Markdown Formatter","markdown-formatter","document-tools","/tools/markdown-formatter","PARTIALLY WORKING","Text / document fields","Document / text file","browser","./expanded/ExpandedTool","No complete browser E2E/mobile verification exists yet; wired/rendering status is not treated as proof of full functionality.","Add/execute real tests for: function, UI, output, download, mobile, error handling.","NOT TESTED","NOT TESTED","NOT TESTED","NOT TESTED","NOT TESTED","NOT TESTED","Not yet behavior-tested"
"Document Statistics","document-statistics","document-tools","/tools/document-statistics","PARTIALLY WORKING","Text / document fields","Document / text file","browser","./expanded/ExpandedTool","No complete browser E2E/mobile verification exists yet; wired/rendering status is not treated as proof of full functionality.","Add/execute real tests for: function, UI, output, download, mobile, error handling.","NOT TESTED","NOT TESTED","NOT TESTED","NOT TESTED","NOT TESTED","NOT TESTED","Not yet behavior-tested"
"Find & Replace","find-replace","text-tools","/tools/find-replace","PARTIALLY WORKING","Text","Text / statistics","browser","./expanded/ExpandedTool","No complete browser E2E/mobile verification exists yet; wired/rendering status is not treated as proof of full functionality.","Add/execute real tests for: function, UI, output, download, mobile, error handling.","NOT TESTED","NOT TESTED","NOT TESTED","NOT TESTED","NOT TESTED","NOT TESTED","Not yet behavior-tested"
"Whitespace Cleaner","whitespace-cleaner","text-tools","/tools/whitespace-cleaner","PARTIALLY WORKING","Text","Text / statistics","browser","./expanded/ExpandedTool","No complete browser E2E/mobile verification exists yet; wired/rendering status is not treated as proof of full functionality.","Add/execute real tests for: function, UI, output, download, mobile, error handling.","NOT TESTED","NOT TESTED","NOT TESTED","NOT TESTED","NOT TESTED","NOT TESTED","Not yet behavior-tested"
"Line Break Cleaner","line-break-cleaner","text-tools","/tools/line-break-cleaner","PARTIALLY WORKING","Text","Text / statistics","browser","./expanded/ExpandedTool","No complete browser E2E/mobile verification exists yet; wired/rendering status is not treated as proof of full functionality.","Add/execute real tests for: function, UI, output, download, mobile, error handling.","NOT TESTED","NOT TESTED","NOT TESTED","NOT TESTED","NOT TESTED","NOT TESTED","Not yet behavior-tested"
"Speaking Time Calculator","speaking-time-calculator","text-tools","/tools/speaking-time-calculator","PARTIALLY WORKING","Text","Text / statistics","browser","./expanded/ExpandedTool","No complete browser E2E/mobile verification exists yet; wired/rendering status is not treated as proof of full functionality.","Add/execute real tests for: function, UI, output, download, mobile, error handling.","NOT TESTED","NOT TESTED","NOT TESTED","NOT TESTED","NOT TESTED","NOT TESTED","Not yet behavior-tested"
"Alternating Case","alternating-case","text-tools","/tools/alternating-case","PARTIALLY WORKING","Text","Text / statistics","browser","./expanded/ExpandedTool","No complete browser E2E/mobile verification exists yet; wired/rendering status is not treated as proof of full functionality.","Add/execute real tests for: function, UI, output, download, mobile, error handling.","NOT TESTED","NOT TESTED","NOT TESTED","NOT TESTED","NOT TESTED","NOT TESTED","Not yet behavior-tested"
"Title Case","title-case","text-tools","/tools/title-case","PARTIALLY WORKING","Text","Text / statistics","browser","./expanded/ExpandedTool","No complete browser E2E/mobile verification exists yet; wired/rendering status is not treated as proof of full functionality.","Add/execute real tests for: function, UI, output, download, mobile, error handling.","NOT TESTED","NOT TESTED","NOT TESTED","NOT TESTED","NOT TESTED","NOT TESTED","Not yet behavior-tested"
"Sentence Case","sentence-case","text-tools","/tools/sentence-case","PARTIALLY WORKING","Text","Text / statistics","browser","./expanded/ExpandedTool","No complete browser E2E/mobile verification exists yet; wired/rendering status is not treated as proof of full functionality.","Add/execute real tests for: function, UI, output, download, mobile, error handling.","NOT TESTED","NOT TESTED","NOT TESTED","NOT TESTED","NOT TESTED","NOT TESTED","Not yet behavior-tested"
"Extract Emails","extract-emails","text-tools","/tools/extract-emails","PARTIALLY WORKING","Text","Text / statistics","browser","./expanded/ExpandedTool","No complete browser E2E/mobile verification exists yet; wired/rendering status is not treated as proof of full functionality.","Add/execute real tests for: function, UI, output, download, mobile, error handling.","NOT TESTED","NOT TESTED","NOT TESTED","NOT TESTED","NOT TESTED","NOT TESTED","Not yet behavior-tested"
"Extract URLs","extract-urls","text-tools","/tools/extract-urls","PARTIALLY WORKING","Text","Text / statistics","browser","./expanded/ExpandedTool","No complete browser E2E/mobile verification exists yet; wired/rendering status is not treated as proof of full functionality.","Add/execute real tests for: function, UI, output, download, mobile, error handling.","NOT TESTED","NOT TESTED","NOT TESTED","NOT TESTED","NOT TESTED","NOT TESTED","Not yet behavior-tested"
"Extract Numbers","extract-numbers","text-tools","/tools/extract-numbers","PARTIALLY WORKING","Text","Text / statistics","browser","./expanded/ExpandedTool","No complete browser E2E/mobile verification exists yet; wired/rendering status is not treated as proof of full functionality.","Add/execute real tests for: function, UI, output, download, mobile, error handling.","NOT TESTED","NOT TESTED","NOT TESTED","NOT TESTED","NOT TESTED","NOT TESTED","Not yet behavior-tested"
"Temperature Converter","temperature-converter","converter-tools","/convert/temperature","PARTIALLY WORKING","Numeric value + units","Converted value","browser","./converters/ConversionTool","No complete browser E2E/mobile verification exists yet; wired/rendering status is not treated as proof of full functionality.","Add/execute real tests for: function, UI, output, mobile, error handling.","NOT TESTED","NOT TESTED","NOT TESTED","N/A","NOT TESTED","NOT TESTED","Not yet behavior-tested"
"Length & Distance Converter","length-converter","converter-tools","/convert/length","PARTIALLY WORKING","Numeric value + units","Converted value","browser","./converters/ConversionTool","No complete browser E2E/mobile verification exists yet; wired/rendering status is not treated as proof of full functionality.","Add/execute real tests for: function, UI, output, mobile, error handling.","NOT TESTED","NOT TESTED","NOT TESTED","N/A","NOT TESTED","NOT TESTED","Not yet behavior-tested"
"Weight & Mass Converter","weight-converter","converter-tools","/convert/mass","PARTIALLY WORKING","Numeric value + units","Converted value","browser","./converters/ConversionTool","No complete browser E2E/mobile verification exists yet; wired/rendering status is not treated as proof of full functionality.","Add/execute real tests for: function, UI, output, mobile, error handling.","NOT TESTED","NOT TESTED","NOT TESTED","N/A","NOT TESTED","NOT TESTED","Not yet behavior-tested"
"Area Converter","area-converter","converter-tools","/convert/area","PARTIALLY WORKING","Numeric value + units","Converted value","browser","./converters/ConversionTool","No complete browser E2E/mobile verification exists yet; wired/rendering status is not treated as proof of full functionality.","Add/execute real tests for: function, UI, output, mobile, error handling.","NOT TESTED","NOT TESTED","NOT TESTED","N/A","NOT TESTED","NOT TESTED","Not yet behavior-tested"
"Volume Converter","volume-converter","converter-tools","/convert/volume","PARTIALLY WORKING","Numeric value + units","Converted value","browser","./converters/ConversionTool","No complete browser E2E/mobile verification exists yet; wired/rendering status is not treated as proof of full functionality.","Add/execute real tests for: function, UI, output, mobile, error handling.","NOT TESTED","NOT TESTED","NOT TESTED","N/A","NOT TESTED","NOT TESTED","Not yet behavior-tested"
"Time Unit Converter","time-unit-converter","converter-tools","/convert/time","PARTIALLY WORKING","Numeric value + units","Converted value","browser","./converters/ConversionTool","No complete browser E2E/mobile verification exists yet; wired/rendering status is not treated as proof of full functionality.","Add/execute real tests for: function, UI, output, mobile, error handling.","NOT TESTED","NOT TESTED","NOT TESTED","N/A","NOT TESTED","NOT TESTED","Not yet behavior-tested"
"Speed Converter","speed-converter","converter-tools","/convert/speed","PARTIALLY WORKING","Numeric value + units","Converted value","browser","./converters/ConversionTool","No complete browser E2E/mobile verification exists yet; wired/rendering status is not treated as proof of full functionality.","Add/execute real tests for: function, UI, output, mobile, error handling.","NOT TESTED","NOT TESTED","NOT TESTED","N/A","NOT TESTED","NOT TESTED","Not yet behavior-tested"
"Data Storage Converter","data-unit-converter","converter-tools","/convert/data-storage","PARTIALLY WORKING","Numeric value + units","Converted value","browser","./converters/ConversionTool","No complete browser E2E/mobile verification exists yet; wired/rendering status is not treated as proof of full functionality.","Add/execute real tests for: function, UI, output, mobile, error handling.","NOT TESTED","NOT TESTED","NOT TESTED","N/A","NOT TESTED","NOT TESTED","Not yet behavior-tested"
"Pressure Converter","pressure-converter","converter-tools","/convert/pressure","PARTIALLY WORKING","Numeric value + units","Converted value","browser","./converters/ConversionTool","No complete browser E2E/mobile verification exists yet; wired/rendering status is not treated as proof of full functionality.","Add/execute real tests for: function, UI, output, mobile, error handling.","NOT TESTED","NOT TESTED","NOT TESTED","N/A","NOT TESTED","NOT TESTED","Not yet behavior-tested"
"Energy Converter","energy-converter","converter-tools","/convert/energy","PARTIALLY WORKING","Numeric value + units","Converted value","browser","./converters/ConversionTool","No complete browser E2E/mobile verification exists yet; wired/rendering status is not treated as proof of full functionality.","Add/execute real tests for: function, UI, output, mobile, error handling.","NOT TESTED","NOT TESTED","NOT TESTED","N/A","NOT TESTED","NOT TESTED","Not yet behavior-tested"
"Power Converter","power-converter","converter-tools","/convert/power","PARTIALLY WORKING","Numeric value + units","Converted value","browser","./converters/ConversionTool","No complete browser E2E/mobile verification exists yet; wired/rendering status is not treated as proof of full functionality.","Add/execute real tests for: function, UI, output, mobile, error handling.","NOT TESTED","NOT TESTED","NOT TESTED","N/A","NOT TESTED","NOT TESTED","Not yet behavior-tested"
"CM to Feet & Inches","cm-to-feet","converter-tools","/tools/cm-to-feet","PARTIALLY WORKING","Numeric value + units","Converted value","browser","./expanded/ExpandedTool","No complete browser E2E/mobile verification exists yet; wired/rendering status is not treated as proof of full functionality.","Add/execute real tests for: function, UI, output, mobile, error handling.","NOT TESTED","NOT TESTED","NOT TESTED","N/A","NOT TESTED","NOT TESTED","Not yet behavior-tested"
"KG to LBS","kg-to-lbs","converter-tools","/tools/kg-to-lbs","PARTIALLY WORKING","Numeric value + units","Converted value","browser","./expanded/ExpandedTool","No complete browser E2E/mobile verification exists yet; wired/rendering status is not treated as proof of full functionality.","Add/execute real tests for: function, UI, output, mobile, error handling.","NOT TESTED","NOT TESTED","NOT TESTED","N/A","NOT TESTED","NOT TESTED","Not yet behavior-tested"
"Date Difference Calculator","date-difference-calculator","date-time-tools","/tools/date-difference-calculator","PARTIALLY WORKING","Date/time input","Date/time result","browser","./expanded/ExpandedTool","No complete browser E2E/mobile verification exists yet; wired/rendering status is not treated as proof of full functionality.","Add/execute real tests for: function, UI, output, mobile, error handling.","NOT TESTED","NOT TESTED","NOT TESTED","N/A","NOT TESTED","NOT TESTED","Not yet behavior-tested"
"Days Between Dates","days-between-dates","date-time-tools","/tools/days-between-dates","PARTIALLY WORKING","Date/time input","Date/time result","browser","./expanded/ExpandedTool","No complete browser E2E/mobile verification exists yet; wired/rendering status is not treated as proof of full functionality.","Add/execute real tests for: function, UI, output, mobile, error handling.","NOT TESTED","NOT TESTED","NOT TESTED","N/A","NOT TESTED","NOT TESTED","Not yet behavior-tested"
"Weeks Between Dates","weeks-between-dates","date-time-tools","/tools/weeks-between-dates","PARTIALLY WORKING","Date/time input","Date/time result","browser","./expanded/ExpandedTool","No complete browser E2E/mobile verification exists yet; wired/rendering status is not treated as proof of full functionality.","Add/execute real tests for: function, UI, output, mobile, error handling.","NOT TESTED","NOT TESTED","NOT TESTED","N/A","NOT TESTED","NOT TESTED","Not yet behavior-tested"
"Months Between Dates","months-between-dates","date-time-tools","/tools/months-between-dates","PARTIALLY WORKING","Date/time input","Date/time result","browser","./expanded/ExpandedTool","No complete browser E2E/mobile verification exists yet; wired/rendering status is not treated as proof of full functionality.","Add/execute real tests for: function, UI, output, mobile, error handling.","NOT TESTED","NOT TESTED","NOT TESTED","N/A","NOT TESTED","NOT TESTED","Not yet behavior-tested"
"Years Between Dates","years-between-dates","date-time-tools","/tools/years-between-dates","PARTIALLY WORKING","Date/time input","Date/time result","browser","./expanded/ExpandedTool","No complete browser E2E/mobile verification exists yet; wired/rendering status is not treated as proof of full functionality.","Add/execute real tests for: function, UI, output, mobile, error handling.","NOT TESTED","NOT TESTED","NOT TESTED","N/A","NOT TESTED","NOT TESTED","Not yet behavior-tested"
"Date + Days","date-plus-days","date-time-tools","/tools/date-plus-days","PARTIALLY WORKING","Date/time input","Date/time result","browser","./expanded/ExpandedTool","No complete browser E2E/mobile verification exists yet; wired/rendering status is not treated as proof of full functionality.","Add/execute real tests for: function, UI, output, mobile, error handling.","NOT TESTED","NOT TESTED","NOT TESTED","N/A","NOT TESTED","NOT TESTED","Not yet behavior-tested"
"Date - Days","date-minus-days","date-time-tools","/tools/date-minus-days","PARTIALLY WORKING","Date/time input","Date/time result","browser","./expanded/ExpandedTool","No complete browser E2E/mobile verification exists yet; wired/rendering status is not treated as proof of full functionality.","Add/execute real tests for: function, UI, output, mobile, error handling.","NOT TESTED","NOT TESTED","NOT TESTED","N/A","NOT TESTED","NOT TESTED","Not yet behavior-tested"
"Age Calculator Pro","age-calculator-plus","date-time-tools","/tools/age-calculator-plus","PARTIALLY WORKING","Date/time input","Date/time result","browser","./expanded/ExpandedTool","No complete browser E2E/mobile verification exists yet; wired/rendering status is not treated as proof of full functionality.","Add/execute real tests for: function, UI, output, mobile, error handling.","NOT TESTED","NOT TESTED","NOT TESTED","N/A","NOT TESTED","NOT TESTED","Not yet behavior-tested"
"Working Days Calculator","working-days-calculator","date-time-tools","/tools/working-days-calculator","PARTIALLY WORKING","Date/time input","Date/time result","browser","./expanded/ExpandedTool","No complete browser E2E/mobile verification exists yet; wired/rendering status is not treated as proof of full functionality.","Add/execute real tests for: function, UI, output, mobile, error handling.","NOT TESTED","NOT TESTED","NOT TESTED","N/A","NOT TESTED","NOT TESTED","Not yet behavior-tested"
"Business Days Calculator","business-days-calculator","date-time-tools","/tools/business-days-calculator","PARTIALLY WORKING","Date/time input","Date/time result","browser","./expanded/ExpandedTool","No complete browser E2E/mobile verification exists yet; wired/rendering status is not treated as proof of full functionality.","Add/execute real tests for: function, UI, output, mobile, error handling.","NOT TESTED","NOT TESTED","NOT TESTED","N/A","NOT TESTED","NOT TESTED","Not yet behavior-tested"
"BMI Calculator","bmi-calculator","health-tools","/tools/bmi-calculator","PARTIALLY WORKING","Numeric/form input","Calculated result","browser","./expanded/ExpandedTool","No complete browser E2E/mobile verification exists yet; wired/rendering status is not treated as proof of full functionality.","Add/execute real tests for: function, UI, output, mobile, error handling.","NOT TESTED","NOT TESTED","NOT TESTED","N/A","NOT TESTED","NOT TESTED","Not yet behavior-tested"
"BMR Calculator","bmr-calculator","health-tools","/tools/bmr-calculator","PARTIALLY WORKING","Numeric/form input","Calculated result","browser","./expanded/ExpandedTool","No complete browser E2E/mobile verification exists yet; wired/rendering status is not treated as proof of full functionality.","Add/execute real tests for: function, UI, output, mobile, error handling.","NOT TESTED","NOT TESTED","NOT TESTED","N/A","NOT TESTED","NOT TESTED","Not yet behavior-tested"
"TDEE Calculator","tdee-calculator","health-tools","/tools/tdee-calculator","PARTIALLY WORKING","Numeric/form input","Calculated result","browser","./expanded/ExpandedTool","No complete browser E2E/mobile verification exists yet; wired/rendering status is not treated as proof of full functionality.","Add/execute real tests for: function, UI, output, mobile, error handling.","NOT TESTED","NOT TESTED","NOT TESTED","N/A","NOT TESTED","NOT TESTED","Not yet behavior-tested"
"Calorie Calculator","calorie-calculator","nutrition-tools","/tools/calorie-calculator","PARTIALLY WORKING","Numeric/form input","Calculated result","browser","./expanded/ExpandedTool","No complete browser E2E/mobile verification exists yet; wired/rendering status is not treated as proof of full functionality.","Add/execute real tests for: function, UI, output, mobile, error handling.","NOT TESTED","NOT TESTED","NOT TESTED","N/A","NOT TESTED","NOT TESTED","Not yet behavior-tested"
"Calorie Deficit Calculator","calorie-deficit-calculator","nutrition-tools","/tools/calorie-deficit-calculator","PARTIALLY WORKING","Numeric/form input","Calculated result","browser","./expanded/ExpandedTool","No complete browser E2E/mobile verification exists yet; wired/rendering status is not treated as proof of full functionality.","Add/execute real tests for: function, UI, output, mobile, error handling.","NOT TESTED","NOT TESTED","NOT TESTED","N/A","NOT TESTED","NOT TESTED","Not yet behavior-tested"
"Calorie Surplus Calculator","calorie-surplus-calculator","nutrition-tools","/tools/calorie-surplus-calculator","PARTIALLY WORKING","Numeric/form input","Calculated result","browser","./expanded/ExpandedTool","No complete browser E2E/mobile verification exists yet; wired/rendering status is not treated as proof of full functionality.","Add/execute real tests for: function, UI, output, mobile, error handling.","NOT TESTED","NOT TESTED","NOT TESTED","N/A","NOT TESTED","NOT TESTED","Not yet behavior-tested"
"Maintenance Calories","maintenance-calories","nutrition-tools","/tools/maintenance-calories","PARTIALLY WORKING","Numeric/form input","Calculated result","browser","./expanded/ExpandedTool","No complete browser E2E/mobile verification exists yet; wired/rendering status is not treated as proof of full functionality.","Add/execute real tests for: function, UI, output, mobile, error handling.","NOT TESTED","NOT TESTED","NOT TESTED","N/A","NOT TESTED","NOT TESTED","Not yet behavior-tested"
"Weight Loss Calories","weight-loss-calorie-calculator","nutrition-tools","/tools/weight-loss-calorie-calculator","PARTIALLY WORKING","Numeric/form input","Calculated result","browser","./expanded/ExpandedTool","No complete browser E2E/mobile verification exists yet; wired/rendering status is not treated as proof of full functionality.","Add/execute real tests for: function, UI, output, mobile, error handling.","NOT TESTED","NOT TESTED","NOT TESTED","N/A","NOT TESTED","NOT TESTED","Not yet behavior-tested"
"Weight Gain Calories","weight-gain-calorie-calculator","nutrition-tools","/tools/weight-gain-calorie-calculator","PARTIALLY WORKING","Numeric/form input","Calculated result","browser","./expanded/ExpandedTool","No complete browser E2E/mobile verification exists yet; wired/rendering status is not treated as proof of full functionality.","Add/execute real tests for: function, UI, output, mobile, error handling.","NOT TESTED","NOT TESTED","NOT TESTED","N/A","NOT TESTED","NOT TESTED","Not yet behavior-tested"
"Protein Intake Calculator","protein-intake-calculator","nutrition-tools","/tools/protein-intake-calculator","PARTIALLY WORKING","Numeric/form input","Calculated result","browser","./expanded/ExpandedTool","No complete browser E2E/mobile verification exists yet; wired/rendering status is not treated as proof of full functionality.","Add/execute real tests for: function, UI, output, mobile, error handling.","NOT TESTED","NOT TESTED","NOT TESTED","N/A","NOT TESTED","NOT TESTED","Not yet behavior-tested"
"Carbohydrate Calculator","carbohydrate-calculator","nutrition-tools","/tools/carbohydrate-calculator","PARTIALLY WORKING","Numeric/form input","Calculated result","browser","./expanded/ExpandedTool","No complete browser E2E/mobile verification exists yet; wired/rendering status is not treated as proof of full functionality.","Add/execute real tests for: function, UI, output, mobile, error handling.","NOT TESTED","NOT TESTED","NOT TESTED","N/A","NOT TESTED","NOT TESTED","Not yet behavior-tested"
"Fat Intake Calculator","fat-intake-calculator","nutrition-tools","/tools/fat-intake-calculator","PARTIALLY WORKING","Numeric/form input","Calculated result","browser","./expanded/ExpandedTool","No complete browser E2E/mobile verification exists yet; wired/rendering status is not treated as proof of full functionality.","Add/execute real tests for: function, UI, output, mobile, error handling.","NOT TESTED","NOT TESTED","NOT TESTED","N/A","NOT TESTED","NOT TESTED","Not yet behavior-tested"
"Water Intake Estimator","water-intake-estimator","nutrition-tools","/tools/water-intake-estimator","PARTIALLY WORKING","Numeric/form input","Calculated result","browser","./expanded/ExpandedTool","No complete browser E2E/mobile verification exists yet; wired/rendering status is not treated as proof of full functionality.","Add/execute real tests for: function, UI, output, mobile, error handling.","NOT TESTED","NOT TESTED","NOT TESTED","N/A","NOT TESTED","NOT TESTED","Not yet behavior-tested"
"Ideal Weight Calculator","ideal-weight-calculator","health-tools","/tools/ideal-weight-calculator","PARTIALLY WORKING","Numeric/form input","Calculated result","browser","./expanded/ExpandedTool","No complete browser E2E/mobile verification exists yet; wired/rendering status is not treated as proof of full functionality.","Add/execute real tests for: function, UI, output, mobile, error handling.","NOT TESTED","NOT TESTED","NOT TESTED","N/A","NOT TESTED","NOT TESTED","Not yet behavior-tested"
"Healthy Weight Range","healthy-weight-range-calculator","health-tools","/tools/healthy-weight-range-calculator","PARTIALLY WORKING","Numeric/form input","Calculated result","browser","./expanded/ExpandedTool","No complete browser E2E/mobile verification exists yet; wired/rendering status is not treated as proof of full functionality.","Add/execute real tests for: function, UI, output, mobile, error handling.","NOT TESTED","NOT TESTED","NOT TESTED","N/A","NOT TESTED","NOT TESTED","Not yet behavior-tested"
"Body Surface Area","body-surface-area-calculator","health-tools","/tools/body-surface-area-calculator","PARTIALLY WORKING","Numeric/form input","Calculated result","browser","./expanded/ExpandedTool","No complete browser E2E/mobile verification exists yet; wired/rendering status is not treated as proof of full functionality.","Add/execute real tests for: function, UI, output, mobile, error handling.","NOT TESTED","NOT TESTED","NOT TESTED","N/A","NOT TESTED","NOT TESTED","Not yet behavior-tested"
"Lean Body Mass Calculator","lean-body-mass-calculator","health-tools","/tools/lean-body-mass-calculator","PARTIALLY WORKING","Numeric/form input","Calculated result","browser","./expanded/ExpandedTool","A concrete runtime/behavior defect was repaired during the 2026-09-20 audit; browser E2E remains pending.","Add/execute real tests for: function, UI, output, mobile, error handling.","NOT TESTED","NOT TESTED","NOT TESTED","N/A","NOT TESTED","NOT TESTED","Not yet behavior-tested"
"Heart Rate Zone Calculator","heart-rate-zone-calculator","health-tools","/tools/heart-rate-zone-calculator","PARTIALLY WORKING","Numeric/form input","Calculated result","browser","./expanded/ExpandedTool","No complete browser E2E/mobile verification exists yet; wired/rendering status is not treated as proof of full functionality.","Add/execute real tests for: function, UI, output, mobile, error handling.","NOT TESTED","NOT TESTED","NOT TESTED","N/A","NOT TESTED","NOT TESTED","Not yet behavior-tested"
"Target Heart Rate Calculator","target-heart-rate-calculator","health-tools","/tools/target-heart-rate-calculator","PARTIALLY WORKING","Numeric/form input","Calculated result","browser","./expanded/ExpandedTool","No complete browser E2E/mobile verification exists yet; wired/rendering status is not treated as proof of full functionality.","Add/execute real tests for: function, UI, output, mobile, error handling.","NOT TESTED","NOT TESTED","NOT TESTED","N/A","NOT TESTED","NOT TESTED","Not yet behavior-tested"
"Pulse Counter","pulse-counter","health-tools","/tools/pulse-counter","PARTIALLY WORKING","Numeric/form input","Calculated result","browser","./expanded/ExpandedTool","No complete browser E2E/mobile verification exists yet; wired/rendering status is not treated as proof of full functionality.","Add/execute real tests for: function, UI, output, mobile, error handling.","NOT TESTED","NOT TESTED","NOT TESTED","N/A","NOT TESTED","NOT TESTED","Not yet behavior-tested"
"Simple Interest Calculator","simple-interest-calculator","finance-tools","/tools/simple-interest-calculator","PARTIALLY WORKING","Numeric/form input","Calculated result","browser","./expanded/ExpandedTool","No complete browser E2E/mobile verification exists yet; wired/rendering status is not treated as proof of full functionality.","Add/execute real tests for: function, UI, output, mobile, error handling.","NOT TESTED","NOT TESTED","NOT TESTED","N/A","NOT TESTED","NOT TESTED","Not yet behavior-tested"
"Compound Interest Calculator","compound-interest-calculator","finance-tools","/tools/compound-interest-calculator","PARTIALLY WORKING","Numeric/form input","Calculated result","browser","./expanded/ExpandedTool","No complete browser E2E/mobile verification exists yet; wired/rendering status is not treated as proof of full functionality.","Add/execute real tests for: function, UI, output, mobile, error handling.","NOT TESTED","NOT TESTED","NOT TESTED","N/A","NOT TESTED","NOT TESTED","Not yet behavior-tested"
"EMI Calculator","emi-calculator","finance-tools","/tools/emi-calculator","PARTIALLY WORKING","Numeric/form input","Calculated result","browser","./expanded/ExpandedTool","No complete browser E2E/mobile verification exists yet; wired/rendering status is not treated as proof of full functionality.","Add/execute real tests for: function, UI, output, mobile, error handling.","NOT TESTED","NOT TESTED","NOT TESTED","N/A","NOT TESTED","NOT TESTED","Not yet behavior-tested"
"Loan Payment Calculator","loan-payment-calculator","finance-tools","/tools/loan-payment-calculator","PARTIALLY WORKING","Numeric/form input","Calculated result","browser","./expanded/ExpandedTool","No complete browser E2E/mobile verification exists yet; wired/rendering status is not treated as proof of full functionality.","Add/execute real tests for: function, UI, output, mobile, error handling.","NOT TESTED","NOT TESTED","NOT TESTED","N/A","NOT TESTED","NOT TESTED","Not yet behavior-tested"
"Savings Goal Calculator","savings-goal-calculator","finance-tools","/tools/savings-goal-calculator","PARTIALLY WORKING","Numeric/form input","Calculated result","browser","./expanded/ExpandedTool","No complete browser E2E/mobile verification exists yet; wired/rendering status is not treated as proof of full functionality.","Add/execute real tests for: function, UI, output, mobile, error handling.","NOT TESTED","NOT TESTED","NOT TESTED","N/A","NOT TESTED","NOT TESTED","Not yet behavior-tested"
"Investment Growth Calculator","investment-growth-calculator","finance-tools","/tools/investment-growth-calculator","PARTIALLY WORKING","Numeric/form input","Calculated result","browser","./expanded/ExpandedTool","No complete browser E2E/mobile verification exists yet; wired/rendering status is not treated as proof of full functionality.","Add/execute real tests for: function, UI, output, mobile, error handling.","NOT TESTED","NOT TESTED","NOT TESTED","N/A","NOT TESTED","NOT TESTED","Not yet behavior-tested"
"Profit Margin Calculator","profit-margin-calculator","finance-tools","/tools/profit-margin-calculator","PARTIALLY WORKING","Numeric/form input","Calculated result","browser","./expanded/ExpandedTool","No complete browser E2E/mobile verification exists yet; wired/rendering status is not treated as proof of full functionality.","Add/execute real tests for: function, UI, output, mobile, error handling.","NOT TESTED","NOT TESTED","NOT TESTED","N/A","NOT TESTED","NOT TESTED","Not yet behavior-tested"
"Percentage Change Calculator","percentage-change-calculator","finance-tools","/tools/percentage-change-calculator","PARTIALLY WORKING","Numeric/form input","Calculated result","browser","./expanded/ExpandedTool","No complete browser E2E/mobile verification exists yet; wired/rendering status is not treated as proof of full functionality.","Add/execute real tests for: function, UI, output, mobile, error handling.","NOT TESTED","NOT TESTED","NOT TESTED","N/A","NOT TESTED","NOT TESTED","Not yet behavior-tested"
"Budget Planner","budget-planner","finance-tools","/tools/budget-planner","PARTIALLY WORKING","Numeric/form input","Calculated result","browser","./expanded/ExpandedTool","No complete browser E2E/mobile verification exists yet; wired/rendering status is not treated as proof of full functionality.","Add/execute real tests for: function, UI, output, mobile, error handling.","NOT TESTED","NOT TESTED","NOT TESTED","N/A","NOT TESTED","NOT TESTED","Not yet behavior-tested"
"Salary Breakdown Calculator","salary-breakdown-calculator","finance-tools","/tools/salary-breakdown-calculator","PARTIALLY WORKING","Numeric/form input","Calculated result","browser","./expanded/ExpandedTool","No complete browser E2E/mobile verification exists yet; wired/rendering status is not treated as proof of full functionality.","Add/execute real tests for: function, UI, output, mobile, error handling.","NOT TESTED","NOT TESTED","NOT TESTED","N/A","NOT TESTED","NOT TESTED","Not yet behavior-tested"
"Loan Affordability Calculator","loan-affordability-calculator","finance-tools","/tools/loan-affordability-calculator","PARTIALLY WORKING","Numeric/form input","Calculated result","browser","./expanded/ExpandedTool","No complete browser E2E/mobile verification exists yet; wired/rendering status is not treated as proof of full functionality.","Add/execute real tests for: function, UI, output, mobile, error handling.","NOT TESTED","NOT TESTED","NOT TESTED","N/A","NOT TESTED","NOT TESTED","Not yet behavior-tested"
"Tip Calculator","tip-calculator","daily-life-tools","/tools/tip-calculator","PARTIALLY WORKING","Numeric/form input","Calculated result","browser","./expanded/ExpandedTool","A concrete runtime/behavior defect was repaired during the 2026-09-20 audit; browser E2E remains pending.","Add/execute real tests for: UI, mobile.","PASS","NOT TESTED","PASS","N/A","NOT TESTED","PASS","2026-09-20 01:19 PKT"
"Bill Splitter","bill-splitter","daily-life-tools","/tools/bill-splitter","PARTIALLY WORKING","Numeric/form input","Calculated result","browser","./expanded/ExpandedTool","A concrete runtime/behavior defect was repaired during the 2026-09-20 audit; browser E2E remains pending.","Add/execute real tests for: UI, mobile.","PASS","NOT TESTED","PASS","N/A","NOT TESTED","PASS","2026-09-20 01:19 PKT"
"Tax Calculator","tax-calculator","daily-life-tools","/tools/tax-calculator","PARTIALLY WORKING","Numeric/form input","Calculated result","browser","./expanded/ExpandedTool","A concrete runtime/behavior defect was repaired during the 2026-09-20 audit; browser E2E remains pending.","Add/execute real tests for: UI, mobile.","PASS","NOT TESTED","PASS","N/A","NOT TESTED","PASS","2026-09-20 01:19 PKT"
"Fuel Cost Calculator","fuel-cost-calculator","daily-life-tools","/tools/fuel-cost-calculator","PARTIALLY WORKING","Numeric/form input","Calculated result","browser","./expanded/ExpandedTool","A concrete runtime/behavior defect was repaired during the 2026-09-20 audit; browser E2E remains pending.","Add/execute real tests for: UI, mobile.","PASS","NOT TESTED","PASS","N/A","NOT TESTED","PASS","2026-09-20 01:19 PKT"
"Speed Distance Time Calculator","speed-distance-time","daily-life-tools","/tools/speed-distance-time","PARTIALLY WORKING","Numeric/form input","Calculated result","browser","./expanded/ExpandedTool","A concrete runtime/behavior defect was repaired during the 2026-09-20 audit; browser E2E remains pending.","Add/execute real tests for: UI, mobile.","PASS","NOT TESTED","PASS","N/A","NOT TESTED","PASS","2026-09-20 01:19 PKT"
"Pace Calculator","pace-calculator","daily-life-tools","/tools/pace-calculator","PARTIALLY WORKING","Numeric/form input","Calculated result","browser","./expanded/ExpandedTool","A concrete runtime/behavior defect was repaired during the 2026-09-20 audit; browser E2E remains pending.","Add/execute real tests for: UI, mobile.","PASS","NOT TESTED","PASS","N/A","NOT TESTED","PASS","2026-09-20 01:19 PKT"
"Running Pace Calculator","running-pace-calculator","daily-life-tools","/tools/running-pace-calculator","PARTIALLY WORKING","Numeric/form input","Calculated result","browser","./expanded/ExpandedTool","A concrete runtime/behavior defect was repaired during the 2026-09-20 audit; browser E2E remains pending.","Add/execute real tests for: UI, mobile.","PASS","NOT TESTED","PASS","N/A","NOT TESTED","PASS","2026-09-20 01:19 PKT"
"Study Hours Calculator Pro","study-hours-calculator-plus","student-tools","/tools/study-hours-calculator-plus","PARTIALLY WORKING","Form/text input","Calculated/text result","browser","./expanded/ExpandedTool","A concrete runtime/behavior defect was repaired during the 2026-09-20 audit; browser E2E remains pending.","Add/execute real tests for: UI, mobile.","PASS","NOT TESTED","PASS","N/A","NOT TESTED","PASS","2026-09-20 01:19 PKT"
"Percentage Calculator Pro","percentage-calculator-plus","student-tools","/tools/percentage-calculator-plus","PARTIALLY WORKING","Form/text input","Calculated/text result","browser","./expanded/ExpandedTool","A concrete runtime/behavior defect was repaired during the 2026-09-20 audit; browser E2E remains pending.","Add/execute real tests for: UI, mobile.","PASS","NOT TESTED","PASS","N/A","NOT TESTED","PASS","2026-09-20 01:19 PKT"
"Marks Required Calculator","marks-required-calculator","student-tools","/tools/marks-required-calculator","PARTIALLY WORKING","Form/text input","Calculated/text result","browser","./expanded/ExpandedTool","A concrete runtime/behavior defect was repaired during the 2026-09-20 audit; browser E2E remains pending.","Add/execute real tests for: UI, mobile.","PASS","NOT TESTED","PASS","N/A","NOT TESTED","PASS","2026-09-20 01:19 PKT"
"Smart Study Schedule Generator","smart-study-schedule-generator","productivity-tools","/tools/smart-study-schedule-generator","PARTIALLY WORKING","User entries / time","On-screen/local result","browser","./expanded/ExpandedTool","A concrete runtime/behavior defect was repaired during the 2026-09-20 audit; browser E2E remains pending.","Add/execute real tests for: function, UI, output, mobile, error handling.","NOT TESTED","NOT TESTED","NOT TESTED","N/A","NOT TESTED","NOT TESTED","Not yet behavior-tested"
"Pakistan University GPA Calculator","pakistan-university-gpa-calculator","university-tools","/tools/pakistan-university-gpa-calculator","PARTIALLY WORKING","Form/text input","Calculated/text result","browser","./calculators/UniversitySpecificGpa","No complete browser E2E/mobile verification exists yet; wired/rendering status is not treated as proof of full functionality.","Add/execute real tests for: function, UI, output, mobile, error handling.","NOT TESTED","NOT TESTED","NOT TESTED","N/A","NOT TESTED","NOT TESTED","Not yet behavior-tested"
"UOL GPA Calculator","uol-gpa-calculator","university-tools","/tools/uol-gpa-calculator","PARTIALLY WORKING","Form/text input","Calculated/text result","browser","./calculators/UniversitySpecificGpa","No complete browser E2E/mobile verification exists yet; wired/rendering status is not treated as proof of full functionality.","Add/execute real tests for: function, UI, output, mobile, error handling.","NOT TESTED","NOT TESTED","NOT TESTED","N/A","NOT TESTED","NOT TESTED","Not yet behavior-tested"
"UCP GPA Calculator","ucp-gpa-calculator","university-tools","/tools/ucp-gpa-calculator","PARTIALLY WORKING","Form/text input","Calculated/text result","browser","./calculators/UniversitySpecificGpa","No complete browser E2E/mobile verification exists yet; wired/rendering status is not treated as proof of full functionality.","Add/execute real tests for: function, UI, output, mobile, error handling.","NOT TESTED","NOT TESTED","NOT TESTED","N/A","NOT TESTED","NOT TESTED","Not yet behavior-tested"
"Custom University GPA Calculator","custom-gpa-calculator","university-tools","/tools/custom-gpa-calculator","PARTIALLY WORKING","Form/text input","Calculated/text result","browser","./calculators/UniversitySpecificGpa","No complete browser E2E/mobile verification exists yet; wired/rendering status is not treated as proof of full functionality.","Add/execute real tests for: function, UI, output, mobile, error handling.","NOT TESTED","NOT TESTED","NOT TESTED","N/A","NOT TESTED","NOT TESTED","Not yet behavior-tested"
"SHA-256 Hash Generator","hash-generator","developer-tools","/tools/hash-generator","PARTIALLY WORKING","Text / code / structured data","Text / code result","browser","./expanded/ExpandedTool","No complete browser E2E/mobile verification exists yet; wired/rendering status is not treated as proof of full functionality.","Add/execute real tests for: function, UI, output, download, mobile, error handling.","NOT TESTED","NOT TESTED","NOT TESTED","NOT TESTED","NOT TESTED","NOT TESTED","Not yet behavior-tested"
"HEX to RGB Converter","color-converter","developer-tools","/tools/color-converter","PARTIALLY WORKING","Text / code / structured data","Text / code result","browser","./expanded/ExpandedTool","No complete browser E2E/mobile verification exists yet; wired/rendering status is not treated as proof of full functionality.","Add/execute real tests for: function, UI, output, download, mobile, error handling.","NOT TESTED","NOT TESTED","NOT TESTED","NOT TESTED","NOT TESTED","NOT TESTED","Not yet behavior-tested"
"RGB to HEX","rgb-to-hex","developer-tools","/tools/rgb-to-hex","PARTIALLY WORKING","Text / code / structured data","Text / code result","browser","./expanded/ExpandedTool","No complete browser E2E/mobile verification exists yet; wired/rendering status is not treated as proof of full functionality.","Add/execute real tests for: function, UI, output, download, mobile, error handling.","NOT TESTED","NOT TESTED","NOT TESTED","NOT TESTED","NOT TESTED","NOT TESTED","Not yet behavior-tested"
"HEX to RGB","hex-to-rgb","developer-tools","/tools/hex-to-rgb","PARTIALLY WORKING","Text / code / structured data","Text / code result","browser","./expanded/ExpandedTool","No complete browser E2E/mobile verification exists yet; wired/rendering status is not treated as proof of full functionality.","Add/execute real tests for: function, UI, output, download, mobile, error handling.","NOT TESTED","NOT TESTED","NOT TESTED","NOT TESTED","NOT TESTED","NOT TESTED","Not yet behavior-tested"
"HTML Escape","html-escape","developer-tools","/tools/html-escape","PARTIALLY WORKING","Text / code / structured data","Text / code result","browser","./expanded/ExpandedTool","No complete browser E2E/mobile verification exists yet; wired/rendering status is not treated as proof of full functionality.","Add/execute real tests for: function, UI, output, download, mobile, error handling.","NOT TESTED","NOT TESTED","NOT TESTED","NOT TESTED","NOT TESTED","NOT TESTED","Not yet behavior-tested"
"HTML Unescape","html-unescape","developer-tools","/tools/html-unescape","PARTIALLY WORKING","Text / code / structured data","Text / code result","browser","./expanded/ExpandedTool","No complete browser E2E/mobile verification exists yet; wired/rendering status is not treated as proof of full functionality.","Add/execute real tests for: function, UI, output, download, mobile, error handling.","NOT TESTED","NOT TESTED","NOT TESTED","NOT TESTED","NOT TESTED","NOT TESTED","Not yet behavior-tested"
"Lorem Ipsum Generator","lorem-ipsum-generator","developer-tools","/tools/lorem-ipsum-generator","PARTIALLY WORKING","Text / code / structured data","Text / code result","browser","./expanded/ExpandedTool","No complete browser E2E/mobile verification exists yet; wired/rendering status is not treated as proof of full functionality.","Add/execute real tests for: function, UI, output, download, mobile, error handling.","NOT TESTED","NOT TESTED","NOT TESTED","NOT TESTED","NOT TESTED","NOT TESTED","Not yet behavior-tested"
"Unix Timestamp Converter Pro","unix-timestamp-converter-plus","developer-tools","/tools/unix-timestamp-converter-plus","PARTIALLY WORKING","Text / code / structured data","Text / code result","browser","./expanded/ExpandedTool","No complete browser E2E/mobile verification exists yet; wired/rendering status is not treated as proof of full functionality.","Add/execute real tests for: function, UI, output, download, mobile, error handling.","NOT TESTED","NOT TESTED","NOT TESTED","NOT TESTED","NOT TESTED","NOT TESTED","Not yet behavior-tested"
"Image Metadata Viewer","image-metadata-viewer","image-tools","/tools/image-metadata-viewer","PARTIALLY WORKING","Image","Metadata","browser","./expanded/ExpandedTool","No complete browser E2E/mobile verification exists yet; wired/rendering status is not treated as proof of full functionality.","Add/execute real tests for: function, UI, output, download, mobile, error handling.","NOT TESTED","NOT TESTED","NOT TESTED","NOT TESTED","NOT TESTED","NOT TESTED","Not yet behavior-tested"
"Image Metadata Remover","image-metadata-remover","image-tools","/tools/image-metadata-remover","PARTIALLY WORKING","Image","Image / file","browser","./expanded/ExpandedTool","A concrete runtime/behavior defect was repaired during the 2026-09-20 audit; browser E2E remains pending.","Add/execute real tests for: function, UI, output, download, mobile, error handling.","NOT TESTED","NOT TESTED","NOT TESTED","NOT TESTED","NOT TESTED","NOT TESTED","Not yet behavior-tested"
"World Clock","world-clock","world-tools","/tools/world-clock","PARTIALLY WORKING","User input","Result","browser","./reference/WorldClock","No complete browser E2E/mobile verification exists yet; wired/rendering status is not treated as proof of full functionality.","Add/execute real tests for: function, UI, output, mobile, error handling.","NOT TESTED","NOT TESTED","NOT TESTED","N/A","NOT TESTED","NOT TESTED","Not yet behavior-tested"
"Time Zone Converter","time-zone-converter","converter-tools","/convert/time-zone","PARTIALLY WORKING","Numeric value + units","Converted value","browser","./converters/ConversionTool","No complete browser E2E/mobile verification exists yet; wired/rendering status is not treated as proof of full functionality.","Add/execute real tests for: function, UI, output, mobile, error handling.","NOT TESTED","NOT TESTED","NOT TESTED","N/A","NOT TESTED","NOT TESTED","Not yet behavior-tested"
"Pregnancy Due Date Calculator","pregnancy-due-date-calculator","health-tools","/tools/pregnancy-due-date-calculator","PARTIALLY WORKING","Numeric/form input","Calculated result","browser","./expanded/ExpandedTool","No complete browser E2E/mobile verification exists yet; wired/rendering status is not treated as proof of full functionality.","Add/execute real tests for: function, UI, output, mobile, error handling.","NOT TESTED","NOT TESTED","NOT TESTED","N/A","NOT TESTED","NOT TESTED","Not yet behavior-tested"
"Internet Data Usage Calculator","internet-data-usage-calculator","daily-life-tools","/tools/internet-data-usage-calculator","PARTIALLY WORKING","Numeric/form input","Calculated result","browser","./expanded/ExpandedTool","No complete browser E2E/mobile verification exists yet; wired/rendering status is not treated as proof of full functionality.","Add/execute real tests for: function, UI, output, mobile, error handling.","NOT TESTED","NOT TESTED","NOT TESTED","N/A","NOT TESTED","NOT TESTED","Not yet behavior-tested"
"PDF Repair & Validate","pdf-repair","pdf-tools","/tools/pdf-repair","PARTIALLY WORKING","PDF","PDF","browser","./expanded/ExpandedTool","A concrete runtime/behavior defect was repaired during the 2026-09-20 audit; browser E2E remains pending. Repair is parse-and-re-save normalization; unreadable/severely corrupted PDFs cannot be recovered in-browser.","Add/execute real tests for: function, UI, output, download, mobile, error handling.","NOT TESTED","NOT TESTED","NOT TESTED","NOT TESTED","NOT TESTED","NOT TESTED","Not yet behavior-tested"
"PDF Metadata Editor","pdf-metadata-editor","pdf-tools","/tools/pdf-metadata-editor","PARTIALLY WORKING","PDF","PDF","browser","./expanded/ExpandedTool","A concrete runtime/behavior defect was repaired during the 2026-09-20 audit; browser E2E remains pending.","Add/execute real tests for: function, UI, output, download, mobile, error handling.","NOT TESTED","NOT TESTED","NOT TESTED","NOT TESTED","NOT TESTED","NOT TESTED","Not yet behavior-tested"
"PDF Page Size Converter","pdf-page-size-converter","pdf-tools","/tools/pdf-page-size-converter","PARTIALLY WORKING","PDF","PDF","browser","./expanded/ExpandedTool","A concrete runtime/behavior defect was repaired during the 2026-09-20 audit; browser E2E remains pending.","Add/execute real tests for: function, UI, output, download, mobile, error handling.","NOT TESTED","NOT TESTED","NOT TESTED","NOT TESTED","NOT TESTED","NOT TESTED","Not yet behavior-tested"
"PDF Compare","pdf-compare","pdf-tools","/tools/pdf-compare","PARTIALLY WORKING","PDF","Metadata / text result","browser","./expanded/ExpandedTool","A concrete runtime/behavior defect was repaired during the 2026-09-20 audit; browser E2E remains pending.","Add/execute real tests for: function, UI, output, download, mobile, error handling.","NOT TESTED","NOT TESTED","NOT TESTED","NOT TESTED","NOT TESTED","NOT TESTED","Not yet behavior-tested"
"Image Flipper","image-flipper","image-tools","/tools/image-flipper","PARTIALLY WORKING","Image","Image / file","browser","./expanded/ExpandedTool","No complete browser E2E/mobile verification exists yet; wired/rendering status is not treated as proof of full functionality.","Add/execute real tests for: function, UI, output, download, mobile, error handling.","NOT TESTED","NOT TESTED","NOT TESTED","NOT TESTED","NOT TESTED","NOT TESTED","Not yet behavior-tested"
"Image Brightness","image-brightness","image-tools","/tools/image-brightness","PARTIALLY WORKING","Image","Image / file","browser","./expanded/ExpandedTool","No complete browser E2E/mobile verification exists yet; wired/rendering status is not treated as proof of full functionality.","Add/execute real tests for: function, UI, output, download, mobile, error handling.","NOT TESTED","NOT TESTED","NOT TESTED","NOT TESTED","NOT TESTED","NOT TESTED","Not yet behavior-tested"
"Image Contrast","image-contrast","image-tools","/tools/image-contrast","PARTIALLY WORKING","Image","Image / file","browser","./expanded/ExpandedTool","No complete browser E2E/mobile verification exists yet; wired/rendering status is not treated as proof of full functionality.","Add/execute real tests for: function, UI, output, download, mobile, error handling.","NOT TESTED","NOT TESTED","NOT TESTED","NOT TESTED","NOT TESTED","NOT TESTED","Not yet behavior-tested"
"Grayscale Image","grayscale-image","image-tools","/tools/grayscale-image","PARTIALLY WORKING","Image","Image / file","browser","./expanded/ExpandedTool","No complete browser E2E/mobile verification exists yet; wired/rendering status is not treated as proof of full functionality.","Add/execute real tests for: function, UI, output, download, mobile, error handling.","NOT TESTED","NOT TESTED","NOT TESTED","NOT TESTED","NOT TESTED","NOT TESTED","Not yet behavior-tested"
"Image Blur","image-blur","image-tools","/tools/image-blur","PARTIALLY WORKING","Image","Image / file","browser","./expanded/ExpandedTool","No complete browser E2E/mobile verification exists yet; wired/rendering status is not treated as proof of full functionality.","Add/execute real tests for: function, UI, output, download, mobile, error handling.","NOT TESTED","NOT TESTED","NOT TESTED","NOT TESTED","NOT TESTED","NOT TESTED","Not yet behavior-tested"
"Image Sharpen","image-sharpen","image-tools","/tools/image-sharpen","PARTIALLY WORKING","Image","Image / file","browser","./expanded/ExpandedTool","No complete browser E2E/mobile verification exists yet; wired/rendering status is not treated as proof of full functionality.","Add/execute real tests for: function, UI, output, download, mobile, error handling.","NOT TESTED","NOT TESTED","NOT TESTED","NOT TESTED","NOT TESTED","NOT TESTED","Not yet behavior-tested"
"Favicon Generator","favicon-generator","image-tools","/tools/favicon-generator","PARTIALLY WORKING","Image","Image / file","browser","./expanded/ExpandedTool","No complete browser E2E/mobile verification exists yet; wired/rendering status is not treated as proof of full functionality.","Add/execute real tests for: function, UI, output, download, mobile, error handling.","NOT TESTED","NOT TESTED","NOT TESTED","NOT TESTED","NOT TESTED","NOT TESTED","Not yet behavior-tested"
"Smart Text Summarizer","smart-text-summarizer","text-tools","/tools/smart-text-summarizer","PARTIALLY WORKING","Text","Text / statistics","Browser + optional Serverless/API","./expanded/ExpandedTool","Local deterministic mode works without a backend; optional AI mode requires the configured serverless endpoint and provider key.","Add/execute real tests for: function, UI, output, download, mobile, error handling.","NOT TESTED","NOT TESTED","NOT TESTED","NOT TESTED","NOT TESTED","NOT TESTED","Not yet behavior-tested"
"Study Notes Generator","study-notes-generator","student-tools","/tools/study-notes-generator","PARTIALLY WORKING","Form/text input","Calculated/text result","Browser + optional Serverless/API","./expanded/ExpandedTool","Local deterministic mode works without a backend; optional AI mode requires the configured serverless endpoint and provider key.","Add/execute real tests for: function, UI, output, mobile, error handling.","NOT TESTED","NOT TESTED","NOT TESTED","N/A","NOT TESTED","NOT TESTED","Not yet behavior-tested"
"Flashcard Generator","flashcard-generator","student-tools","/tools/flashcard-generator","PARTIALLY WORKING","Form/text input","Calculated/text result","Browser + optional Serverless/API","./expanded/ExpandedTool","Local deterministic mode works without a backend; optional AI mode requires the configured serverless endpoint and provider key.","Add/execute real tests for: function, UI, output, mobile, error handling.","NOT TESTED","NOT TESTED","NOT TESTED","N/A","NOT TESTED","NOT TESTED","Not yet behavior-tested"
"Quiz Generator","quiz-generator","student-tools","/tools/quiz-generator","PARTIALLY WORKING","Form/text input","Calculated/text result","Browser + optional Serverless/API","./expanded/ExpandedTool","Local deterministic mode works without a backend; optional AI mode requires the configured serverless endpoint and provider key.","Add/execute real tests for: function, UI, output, mobile, error handling.","NOT TESTED","NOT TESTED","NOT TESTED","N/A","NOT TESTED","NOT TESTED","Not yet behavior-tested"
"Professional Email Generator","email-generator","text-tools","/tools/email-generator","PARTIALLY WORKING","Text","Text / statistics","Browser + optional Serverless/API","./expanded/ExpandedTool","Local deterministic mode works without a backend; optional AI mode requires the configured serverless endpoint and provider key.","Add/execute real tests for: function, UI, output, download, mobile, error handling.","NOT TESTED","NOT TESTED","NOT TESTED","NOT TESTED","NOT TESTED","NOT TESTED","Not yet behavior-tested"
"Formal Text Converter","formal-text-converter","text-tools","/tools/formal-text-converter","PARTIALLY WORKING","Text","Text / statistics","Browser + optional Serverless/API","./expanded/ExpandedTool","Local deterministic mode works without a backend; optional AI mode requires the configured serverless endpoint and provider key.","Add/execute real tests for: function, UI, output, download, mobile, error handling.","NOT TESTED","NOT TESTED","NOT TESTED","NOT TESTED","NOT TESTED","NOT TESTED","Not yet behavior-tested"
"Word to PDF","word-to-pdf","document-tools","/tools/word-to-pdf","PARTIALLY WORKING","DOCX","PDF","browser","./expanded/ExpandedTool","A concrete runtime/behavior defect was repaired during the 2026-09-20 audit; browser E2E remains pending. DOCX paragraph text is converted; complex Word layout, images, tables and exact pagination are not reproduced.","Add/execute real tests for: function, UI, output, download, mobile, error handling.","NOT TESTED","NOT TESTED","NOT TESTED","NOT TESTED","NOT TESTED","NOT TESTED","Not yet behavior-tested"
"Universal Conversion Hub","universal-conversion-hub","converter-tools","/convert","PARTIALLY WORKING","Numeric value + units","Converted value","browser","./converters/ConversionHub","No complete browser E2E/mobile verification exists yet; wired/rendering status is not treated as proof of full functionality.","Add/execute real tests for: function, UI, output, mobile, error handling.","NOT TESTED","NOT TESTED","NOT TESTED","N/A","NOT TESTED","NOT TESTED","Not yet behavior-tested"
"Height Converter","height-converter","converter-tools","/convert/height","PARTIALLY WORKING","Numeric value + units","Converted value","browser","./converters/ConversionTool","No complete browser E2E/mobile verification exists yet; wired/rendering status is not treated as proof of full functionality.","Add/execute real tests for: function, UI, output, mobile, error handling.","NOT TESTED","NOT TESTED","NOT TESTED","N/A","NOT TESTED","NOT TESTED","Not yet behavior-tested"
"BMI Calculator","bmi-unit-calculator","converter-tools","/convert/bmi","PARTIALLY WORKING","Numeric value + units","Converted value","browser","./converters/ConversionTool","No complete browser E2E/mobile verification exists yet; wired/rendering status is not treated as proof of full functionality.","Add/execute real tests for: function, UI, output, mobile, error handling.","NOT TESTED","NOT TESTED","NOT TESTED","N/A","NOT TESTED","NOT TESTED","Not yet behavior-tested"
"Time Duration Converter","time-duration-converter","converter-tools","/convert/time-duration","PARTIALLY WORKING","Numeric value + units","Converted value","browser","./converters/ConversionTool","No complete browser E2E/mobile verification exists yet; wired/rendering status is not treated as proof of full functionality.","Add/execute real tests for: function, UI, output, mobile, error handling.","NOT TESTED","NOT TESTED","NOT TESTED","N/A","NOT TESTED","NOT TESTED","Not yet behavior-tested"
"Date Converter & Calculator","date-converter","converter-tools","/convert/date","PARTIALLY WORKING","Numeric value + units","Converted value","browser","./converters/ConversionTool","No complete browser E2E/mobile verification exists yet; wired/rendering status is not treated as proof of full functionality.","Add/execute real tests for: function, UI, output, mobile, error handling.","NOT TESTED","NOT TESTED","NOT TESTED","N/A","NOT TESTED","NOT TESTED","Not yet behavior-tested"
"Acceleration Converter","acceleration-converter","converter-tools","/convert/acceleration","PARTIALLY WORKING","Numeric value + units","Converted value","browser","./converters/ConversionTool","No complete browser E2E/mobile verification exists yet; wired/rendering status is not treated as proof of full functionality.","Add/execute real tests for: function, UI, output, mobile, error handling.","NOT TESTED","NOT TESTED","NOT TESTED","N/A","NOT TESTED","NOT TESTED","Not yet behavior-tested"
"Data Transfer Speed Converter","data-transfer-speed-converter","converter-tools","/convert/data-speed","PARTIALLY WORKING","Numeric value + units","Converted value","browser","./converters/ConversionTool","No complete browser E2E/mobile verification exists yet; wired/rendering status is not treated as proof of full functionality.","Add/execute real tests for: function, UI, output, mobile, error handling.","NOT TESTED","NOT TESTED","NOT TESTED","N/A","NOT TESTED","NOT TESTED","Not yet behavior-tested"
"Download Time Calculator","download-time-calculator","converter-tools","/convert/download-time","PARTIALLY WORKING","Numeric value + units","Converted value","browser","./converters/ConversionTool","No complete browser E2E/mobile verification exists yet; wired/rendering status is not treated as proof of full functionality.","Add/execute real tests for: function, UI, output, mobile, error handling.","NOT TESTED","NOT TESTED","NOT TESTED","N/A","NOT TESTED","NOT TESTED","Not yet behavior-tested"
"Frequency Converter","frequency-converter","converter-tools","/convert/frequency","PARTIALLY WORKING","Numeric value + units","Converted value","browser","./converters/ConversionTool","No complete browser E2E/mobile verification exists yet; wired/rendering status is not treated as proof of full functionality.","Add/execute real tests for: function, UI, output, mobile, error handling.","NOT TESTED","NOT TESTED","NOT TESTED","N/A","NOT TESTED","NOT TESTED","Not yet behavior-tested"
"Image Size & Aspect Ratio","image-size-converter","converter-tools","/convert/image-size","PARTIALLY WORKING","Numeric value + units","Converted value","browser","./converters/ConversionTool","No complete browser E2E/mobile verification exists yet; wired/rendering status is not treated as proof of full functionality.","Add/execute real tests for: function, UI, output, mobile, error handling.","NOT TESTED","NOT TESTED","NOT TESTED","N/A","NOT TESTED","NOT TESTED","Not yet behavior-tested"
"Angle Converter","angle-converter","converter-tools","/convert/angle","PARTIALLY WORKING","Numeric value + units","Converted value","browser","./converters/ConversionTool","No complete browser E2E/mobile verification exists yet; wired/rendering status is not treated as proof of full functionality.","Add/execute real tests for: function, UI, output, mobile, error handling.","NOT TESTED","NOT TESTED","NOT TESTED","N/A","NOT TESTED","NOT TESTED","Not yet behavior-tested"
"Force Converter","force-converter","converter-tools","/convert/force","PARTIALLY WORKING","Numeric value + units","Converted value","browser","./converters/ConversionTool","No complete browser E2E/mobile verification exists yet; wired/rendering status is not treated as proof of full functionality.","Add/execute real tests for: function, UI, output, mobile, error handling.","NOT TESTED","NOT TESTED","NOT TESTED","N/A","NOT TESTED","NOT TESTED","Not yet behavior-tested"
"Torque Converter","torque-converter","converter-tools","/convert/torque","PARTIALLY WORKING","Numeric value + units","Converted value","browser","./converters/ConversionTool","No complete browser E2E/mobile verification exists yet; wired/rendering status is not treated as proof of full functionality.","Add/execute real tests for: function, UI, output, mobile, error handling.","NOT TESTED","NOT TESTED","NOT TESTED","N/A","NOT TESTED","NOT TESTED","Not yet behavior-tested"
"Voltage Converter","voltage-converter","converter-tools","/convert/voltage","PARTIALLY WORKING","Numeric value + units","Converted value","browser","./converters/ConversionTool","No complete browser E2E/mobile verification exists yet; wired/rendering status is not treated as proof of full functionality.","Add/execute real tests for: function, UI, output, mobile, error handling.","NOT TESTED","NOT TESTED","NOT TESTED","N/A","NOT TESTED","NOT TESTED","Not yet behavior-tested"
"Electric Current Converter","current-converter","converter-tools","/convert/current","PARTIALLY WORKING","Numeric value + units","Converted value","browser","./converters/ConversionTool","No complete browser E2E/mobile verification exists yet; wired/rendering status is not treated as proof of full functionality.","Add/execute real tests for: function, UI, output, mobile, error handling.","NOT TESTED","NOT TESTED","NOT TESTED","N/A","NOT TESTED","NOT TESTED","Not yet behavior-tested"
"Resistance Converter","resistance-converter","converter-tools","/convert/resistance","PARTIALLY WORKING","Numeric value + units","Converted value","browser","./converters/ConversionTool","No complete browser E2E/mobile verification exists yet; wired/rendering status is not treated as proof of full functionality.","Add/execute real tests for: function, UI, output, mobile, error handling.","NOT TESTED","NOT TESTED","NOT TESTED","N/A","NOT TESTED","NOT TESTED","Not yet behavior-tested"
"Electric Charge Converter","electric-charge-converter","converter-tools","/convert/charge","PARTIALLY WORKING","Numeric value + units","Converted value","browser","./converters/ConversionTool","No complete browser E2E/mobile verification exists yet; wired/rendering status is not treated as proof of full functionality.","Add/execute real tests for: function, UI, output, mobile, error handling.","NOT TESTED","NOT TESTED","NOT TESTED","N/A","NOT TESTED","NOT TESTED","Not yet behavior-tested"
"Illuminance Converter","illuminance-converter","converter-tools","/convert/illuminance","PARTIALLY WORKING","Numeric value + units","Converted value","browser","./converters/ConversionTool","No complete browser E2E/mobile verification exists yet; wired/rendering status is not treated as proof of full functionality.","Add/execute real tests for: function, UI, output, mobile, error handling.","NOT TESTED","NOT TESTED","NOT TESTED","N/A","NOT TESTED","NOT TESTED","Not yet behavior-tested"
"Fuel Economy Converter","fuel-economy-converter","converter-tools","/convert/fuel-economy","PARTIALLY WORKING","Numeric value + units","Converted value","browser","./converters/ConversionTool","No complete browser E2E/mobile verification exists yet; wired/rendering status is not treated as proof of full functionality.","Add/execute real tests for: function, UI, output, mobile, error handling.","NOT TESTED","NOT TESTED","NOT TESTED","N/A","NOT TESTED","NOT TESTED","Not yet behavior-tested"
"Cooking Converter","cooking-converter","converter-tools","/convert/cooking","PARTIALLY WORKING","Numeric value + units","Converted value","browser","./converters/ConversionTool","No complete browser E2E/mobile verification exists yet; wired/rendering status is not treated as proof of full functionality.","Add/execute real tests for: function, UI, output, mobile, error handling.","NOT TESTED","NOT TESTED","NOT TESTED","N/A","NOT TESTED","NOT TESTED","Not yet behavior-tested"
"Health Units Converter","health-unit-converter","converter-tools","/convert/health-units","PARTIALLY WORKING","Numeric value + units","Converted value","browser","./converters/ConversionTool","No complete browser E2E/mobile verification exists yet; wired/rendering status is not treated as proof of full functionality.","Add/execute real tests for: function, UI, output, mobile, error handling.","NOT TESTED","NOT TESTED","NOT TESTED","N/A","NOT TESTED","NOT TESTED","Not yet behavior-tested"
"Currency Converter","currency-converter","converter-tools","/convert/currency","PARTIALLY WORKING","Numeric value + units","Converted value","api","./converters/ConversionTool","No complete browser E2E/mobile verification exists yet; wired/rendering status is not treated as proof of full functionality.","Add/execute real tests for: function, UI, output, mobile, error handling.","NOT TESTED","NOT TESTED","NOT TESTED","N/A","NOT TESTED","NOT TESTED","Not yet behavior-tested"
"Cryptocurrency Converter","crypto-converter","converter-tools","/convert/crypto","PARTIALLY WORKING","Numeric value + units","Converted value","api","./converters/ConversionTool","No complete browser E2E/mobile verification exists yet; wired/rendering status is not treated as proof of full functionality.","Add/execute real tests for: function, UI, output, mobile, error handling.","NOT TESTED","NOT TESTED","NOT TESTED","N/A","NOT TESTED","NOT TESTED","Not yet behavior-tested"
"Number System Converter","number-system-converter","converter-tools","/convert/number-system","PARTIALLY WORKING","Numeric value + units","Converted value","browser","./converters/ConversionTool","No complete browser E2E/mobile verification exists yet; wired/rendering status is not treated as proof of full functionality.","Add/execute real tests for: function, UI, output, mobile, error handling.","NOT TESTED","NOT TESTED","NOT TESTED","N/A","NOT TESTED","NOT TESTED","Not yet behavior-tested"
"Roman Numeral Converter","roman-numeral-converter","converter-tools","/convert/roman","PARTIALLY WORKING","Numeric value + units","Converted value","browser","./converters/ConversionTool","No complete browser E2E/mobile verification exists yet; wired/rendering status is not treated as proof of full functionality.","Add/execute real tests for: function, UI, output, mobile, error handling.","NOT TESTED","NOT TESTED","NOT TESTED","N/A","NOT TESTED","NOT TESTED","Not yet behavior-tested"
"Percentage Converter","percentage-converter","converter-tools","/convert/percentage","PARTIALLY WORKING","Numeric value + units","Converted value","browser","./converters/ConversionTool","No complete browser E2E/mobile verification exists yet; wired/rendering status is not treated as proof of full functionality.","Add/execute real tests for: function, UI, output, mobile, error handling.","NOT TESTED","NOT TESTED","NOT TESTED","N/A","NOT TESTED","NOT TESTED","Not yet behavior-tested"
"Fraction Converter","fraction-converter","converter-tools","/convert/fraction","PARTIALLY WORKING","Numeric value + units","Converted value","browser","./converters/ConversionTool","No complete browser E2E/mobile verification exists yet; wired/rendering status is not treated as proof of full functionality.","Add/execute real tests for: function, UI, output, mobile, error handling.","NOT TESTED","NOT TESTED","NOT TESTED","N/A","NOT TESTED","NOT TESTED","Not yet behavior-tested"
"Density Converter","density-converter","converter-tools","/convert/density","PARTIALLY WORKING","Numeric value + units","Converted value","browser","./converters/ConversionTool","No complete browser E2E/mobile verification exists yet; wired/rendering status is not treated as proof of full functionality.","Add/execute real tests for: function, UI, output, mobile, error handling.","NOT TESTED","NOT TESTED","NOT TESTED","N/A","NOT TESTED","NOT TESTED","Not yet behavior-tested"
"Molar Mass Converter","molar-mass-converter","converter-tools","/convert/molar-mass","PARTIALLY WORKING","Numeric value + units","Converted value","browser","./converters/ConversionTool","No complete browser E2E/mobile verification exists yet; wired/rendering status is not treated as proof of full functionality.","Add/execute real tests for: function, UI, output, mobile, error handling.","NOT TESTED","NOT TESTED","NOT TESTED","N/A","NOT TESTED","NOT TESTED","Not yet behavior-tested"
"Concentration Converter","concentration-converter","converter-tools","/convert/concentration","PARTIALLY WORKING","Numeric value + units","Converted value","browser","./converters/ConversionTool","No complete browser E2E/mobile verification exists yet; wired/rendering status is not treated as proof of full functionality.","Add/execute real tests for: function, UI, output, mobile, error handling.","NOT TESTED","NOT TESTED","NOT TESTED","N/A","NOT TESTED","NOT TESTED","Not yet behavior-tested"
"Radiation Units Converter","radiation-units-converter","converter-tools","/convert/radiation","PARTIALLY WORKING","Numeric value + units","Converted value","browser","./converters/ConversionTool","No complete browser E2E/mobile verification exists yet; wired/rendering status is not treated as proof of full functionality.","Add/execute real tests for: function, UI, output, mobile, error handling.","NOT TESTED","NOT TESTED","NOT TESTED","N/A","NOT TESTED","NOT TESTED","Not yet behavior-tested"
"Flow Rate Converter","flow-rate-converter","converter-tools","/convert/flow-rate","PARTIALLY WORKING","Numeric value + units","Converted value","browser","./converters/ConversionTool","No complete browser E2E/mobile verification exists yet; wired/rendering status is not treated as proof of full functionality.","Add/execute real tests for: function, UI, output, mobile, error handling.","NOT TESTED","NOT TESTED","NOT TESTED","N/A","NOT TESTED","NOT TESTED","Not yet behavior-tested"
"Typography & CSS Unit Converter","typography-converter","converter-tools","/convert/typography","PARTIALLY WORKING","Numeric value + units","Converted value","browser","./converters/ConversionTool","No complete browser E2E/mobile verification exists yet; wired/rendering status is not treated as proof of full functionality.","Add/execute real tests for: function, UI, output, mobile, error handling.","NOT TESTED","NOT TESTED","NOT TESTED","N/A","NOT TESTED","NOT TESTED","Not yet behavior-tested"
"Pakistan Land Area Converter","land-area-converter","converter-tools","/convert/land-area","PARTIALLY WORKING","Numeric value + units","Converted value","browser","./converters/ConversionTool","No complete browser E2E/mobile verification exists yet; wired/rendering status is not treated as proof of full functionality.","Add/execute real tests for: function, UI, output, mobile, error handling.","NOT TESTED","NOT TESTED","NOT TESTED","N/A","NOT TESTED","NOT TESTED","Not yet behavior-tested"
"Velocity Calculator","velocity-calculator","physics-tools","/tools/velocity-calculator","PARTIALLY WORKING","User input","Result","browser","./science/FormulaTool","No complete browser E2E/mobile verification exists yet; wired/rendering status is not treated as proof of full functionality.","Add/execute real tests for: function, UI, output, mobile, error handling.","NOT TESTED","NOT TESTED","NOT TESTED","N/A","NOT TESTED","NOT TESTED","Not yet behavior-tested"
"Force Calculator","force-calculator","physics-tools","/tools/force-calculator","PARTIALLY WORKING","User input","Result","browser","./science/FormulaTool","No complete browser E2E/mobile verification exists yet; wired/rendering status is not treated as proof of full functionality.","Add/execute real tests for: function, UI, output, mobile, error handling.","NOT TESTED","NOT TESTED","NOT TESTED","N/A","NOT TESTED","NOT TESTED","Not yet behavior-tested"
"Work Calculator","work-calculator","physics-tools","/tools/work-calculator","PARTIALLY WORKING","User input","Result","browser","./science/FormulaTool","No complete browser E2E/mobile verification exists yet; wired/rendering status is not treated as proof of full functionality.","Add/execute real tests for: function, UI, output, mobile, error handling.","NOT TESTED","NOT TESTED","NOT TESTED","N/A","NOT TESTED","NOT TESTED","Not yet behavior-tested"
"Kinetic Energy Calculator","kinetic-energy-calculator","physics-tools","/tools/kinetic-energy-calculator","PARTIALLY WORKING","User input","Result","browser","./science/FormulaTool","No complete browser E2E/mobile verification exists yet; wired/rendering status is not treated as proof of full functionality.","Add/execute real tests for: function, UI, output, mobile, error handling.","NOT TESTED","NOT TESTED","NOT TESTED","N/A","NOT TESTED","NOT TESTED","Not yet behavior-tested"
"Potential Energy Calculator","potential-energy-calculator","physics-tools","/tools/potential-energy-calculator","PARTIALLY WORKING","User input","Result","browser","./science/FormulaTool","No complete browser E2E/mobile verification exists yet; wired/rendering status is not treated as proof of full functionality.","Add/execute real tests for: function, UI, output, mobile, error handling.","NOT TESTED","NOT TESTED","NOT TESTED","N/A","NOT TESTED","NOT TESTED","Not yet behavior-tested"
"Momentum Calculator","momentum-calculator","physics-tools","/tools/momentum-calculator","PARTIALLY WORKING","User input","Result","browser","./science/FormulaTool","No complete browser E2E/mobile verification exists yet; wired/rendering status is not treated as proof of full functionality.","Add/execute real tests for: function, UI, output, mobile, error handling.","NOT TESTED","NOT TESTED","NOT TESTED","N/A","NOT TESTED","NOT TESTED","Not yet behavior-tested"
"Density Calculator","physics-density-calculator","physics-tools","/tools/physics-density-calculator","PARTIALLY WORKING","User input","Result","browser","./science/FormulaTool","No complete browser E2E/mobile verification exists yet; wired/rendering status is not treated as proof of full functionality.","Add/execute real tests for: function, UI, output, mobile, error handling.","NOT TESTED","NOT TESTED","NOT TESTED","N/A","NOT TESTED","NOT TESTED","Not yet behavior-tested"
"Pressure Calculator","physics-pressure-calculator","physics-tools","/tools/physics-pressure-calculator","PARTIALLY WORKING","User input","Result","browser","./science/FormulaTool","No complete browser E2E/mobile verification exists yet; wired/rendering status is not treated as proof of full functionality.","Add/execute real tests for: function, UI, output, mobile, error handling.","NOT TESTED","NOT TESTED","NOT TESTED","N/A","NOT TESTED","NOT TESTED","Not yet behavior-tested"
"Wavelength Calculator","wavelength-calculator","physics-tools","/tools/wavelength-calculator","PARTIALLY WORKING","User input","Result","browser","./science/FormulaTool","No complete browser E2E/mobile verification exists yet; wired/rendering status is not treated as proof of full functionality.","Add/execute real tests for: function, UI, output, mobile, error handling.","NOT TESTED","NOT TESTED","NOT TESTED","N/A","NOT TESTED","NOT TESTED","Not yet behavior-tested"
"Frequency & Period Calculator","frequency-period-calculator","physics-tools","/tools/frequency-period-calculator","PARTIALLY WORKING","User input","Result","browser","./science/FormulaTool","No complete browser E2E/mobile verification exists yet; wired/rendering status is not treated as proof of full functionality.","Add/execute real tests for: function, UI, output, mobile, error handling.","NOT TESTED","NOT TESTED","NOT TESTED","N/A","NOT TESTED","NOT TESTED","Not yet behavior-tested"
"Ohm’s Law Calculator","ohms-law-calculator","physics-tools","/tools/ohms-law-calculator","PARTIALLY WORKING","User input","Result","browser","./science/FormulaTool","No complete browser E2E/mobile verification exists yet; wired/rendering status is not treated as proof of full functionality.","Add/execute real tests for: function, UI, output, mobile, error handling.","NOT TESTED","NOT TESTED","NOT TESTED","N/A","NOT TESTED","NOT TESTED","Not yet behavior-tested"
"Electrical Power Calculator","electrical-power-calculator","physics-tools","/tools/electrical-power-calculator","PARTIALLY WORKING","User input","Result","browser","./science/FormulaTool","No complete browser E2E/mobile verification exists yet; wired/rendering status is not treated as proof of full functionality.","Add/execute real tests for: function, UI, output, mobile, error handling.","NOT TESTED","NOT TESTED","NOT TESTED","N/A","NOT TESTED","NOT TESTED","Not yet behavior-tested"
"Specific Heat Calculator","specific-heat-calculator","physics-tools","/tools/specific-heat-calculator","PARTIALLY WORKING","User input","Result","browser","./science/FormulaTool","No complete browser E2E/mobile verification exists yet; wired/rendering status is not treated as proof of full functionality.","Add/execute real tests for: function, UI, output, mobile, error handling.","NOT TESTED","NOT TESTED","NOT TESTED","N/A","NOT TESTED","NOT TESTED","Not yet behavior-tested"
"Thin Lens Calculator","lens-equation-calculator","physics-tools","/tools/lens-equation-calculator","PARTIALLY WORKING","User input","Result","browser","./science/FormulaTool","No complete browser E2E/mobile verification exists yet; wired/rendering status is not treated as proof of full functionality.","Add/execute real tests for: function, UI, output, mobile, error handling.","NOT TESTED","NOT TESTED","NOT TESTED","N/A","NOT TESTED","NOT TESTED","Not yet behavior-tested"
"Molarity Calculator","molarity-calculator","chemistry-tools","/tools/molarity-calculator","PARTIALLY WORKING","User input","Result","browser","./science/FormulaTool","No complete browser E2E/mobile verification exists yet; wired/rendering status is not treated as proof of full functionality.","Add/execute real tests for: function, UI, output, mobile, error handling.","NOT TESTED","NOT TESTED","NOT TESTED","N/A","NOT TESTED","NOT TESTED","Not yet behavior-tested"
"Molality Calculator","molality-calculator","chemistry-tools","/tools/molality-calculator","PARTIALLY WORKING","User input","Result","browser","./science/FormulaTool","No complete browser E2E/mobile verification exists yet; wired/rendering status is not treated as proof of full functionality.","Add/execute real tests for: function, UI, output, mobile, error handling.","NOT TESTED","NOT TESTED","NOT TESTED","N/A","NOT TESTED","NOT TESTED","Not yet behavior-tested"
"Normality Calculator","normality-calculator","chemistry-tools","/tools/normality-calculator","PARTIALLY WORKING","User input","Result","browser","./science/FormulaTool","No complete browser E2E/mobile verification exists yet; wired/rendering status is not treated as proof of full functionality.","Add/execute real tests for: function, UI, output, mobile, error handling.","NOT TESTED","NOT TESTED","NOT TESTED","N/A","NOT TESTED","NOT TESTED","Not yet behavior-tested"
"Dilution Calculator","dilution-calculator","chemistry-tools","/tools/dilution-calculator","PARTIALLY WORKING","User input","Result","browser","./science/FormulaTool","No complete browser E2E/mobile verification exists yet; wired/rendering status is not treated as proof of full functionality.","Add/execute real tests for: function, UI, output, mobile, error handling.","NOT TESTED","NOT TESTED","NOT TESTED","N/A","NOT TESTED","NOT TESTED","Not yet behavior-tested"
"pH Calculator","ph-calculator","chemistry-tools","/tools/ph-calculator","PARTIALLY WORKING","User input","Result","browser","./science/FormulaTool","No complete browser E2E/mobile verification exists yet; wired/rendering status is not treated as proof of full functionality.","Add/execute real tests for: function, UI, output, mobile, error handling.","NOT TESTED","NOT TESTED","NOT TESTED","N/A","NOT TESTED","NOT TESTED","Not yet behavior-tested"
"Ideal Gas Law Calculator","ideal-gas-law-calculator","chemistry-tools","/tools/ideal-gas-law-calculator","PARTIALLY WORKING","User input","Result","browser","./science/FormulaTool","No complete browser E2E/mobile verification exists yet; wired/rendering status is not treated as proof of full functionality.","Add/execute real tests for: function, UI, output, mobile, error handling.","NOT TESTED","NOT TESTED","NOT TESTED","N/A","NOT TESTED","NOT TESTED","Not yet behavior-tested"
"Percent Composition Calculator","percent-composition-calculator","chemistry-tools","/tools/percent-composition-calculator","PARTIALLY WORKING","User input","Result","browser","./science/FormulaTool","No complete browser E2E/mobile verification exists yet; wired/rendering status is not treated as proof of full functionality.","Add/execute real tests for: function, UI, output, mobile, error handling.","NOT TESTED","NOT TESTED","NOT TESTED","N/A","NOT TESTED","NOT TESTED","Not yet behavior-tested"
"Hardy-Weinberg Calculator","hardy-weinberg-calculator","biology-tools","/tools/hardy-weinberg-calculator","PARTIALLY WORKING","User input","Result","browser","./science/FormulaTool","No complete browser E2E/mobile verification exists yet; wired/rendering status is not treated as proof of full functionality.","Add/execute real tests for: function, UI, output, mobile, error handling.","NOT TESTED","NOT TESTED","NOT TESTED","N/A","NOT TESTED","NOT TESTED","Not yet behavior-tested"
"Population Growth Calculator","population-growth-calculator","biology-tools","/tools/population-growth-calculator","PARTIALLY WORKING","User input","Result","browser","./science/FormulaTool","No complete browser E2E/mobile verification exists yet; wired/rendering status is not treated as proof of full functionality.","Add/execute real tests for: function, UI, output, mobile, error handling.","NOT TESTED","NOT TESTED","NOT TESTED","N/A","NOT TESTED","NOT TESTED","Not yet behavior-tested"
"Microscope Magnification Calculator","microscope-magnification-calculator","biology-tools","/tools/microscope-magnification-calculator","PARTIALLY WORKING","User input","Result","browser","./science/FormulaTool","No complete browser E2E/mobile verification exists yet; wired/rendering status is not treated as proof of full functionality.","Add/execute real tests for: function, UI, output, mobile, error handling.","NOT TESTED","NOT TESTED","NOT TESTED","N/A","NOT TESTED","NOT TESTED","Not yet behavior-tested"
"DNA Complement Tool","dna-complement-tool","biology-tools","/tools/dna-complement-tool","PARTIALLY WORKING","User input","Result","browser","./science/FormulaTool","No complete browser E2E/mobile verification exists yet; wired/rendering status is not treated as proof of full functionality.","Add/execute real tests for: function, UI, output, mobile, error handling.","NOT TESTED","NOT TESTED","NOT TESTED","N/A","NOT TESTED","NOT TESTED","Not yet behavior-tested"
"DNA to RNA Tool","dna-to-rna-tool","biology-tools","/tools/dna-to-rna-tool","PARTIALLY WORKING","User input","Result","browser","./science/FormulaTool","No complete browser E2E/mobile verification exists yet; wired/rendering status is not treated as proof of full functionality.","Add/execute real tests for: function, UI, output, mobile, error handling.","NOT TESTED","NOT TESTED","NOT TESTED","N/A","NOT TESTED","NOT TESTED","Not yet behavior-tested"
"RNA to Protein Helper","rna-to-protein-tool","biology-tools","/tools/rna-to-protein-tool","PARTIALLY WORKING","User input","Result","browser","./science/FormulaTool","No complete browser E2E/mobile verification exists yet; wired/rendering status is not treated as proof of full functionality.","Add/execute real tests for: function, UI, output, mobile, error handling.","NOT TESTED","NOT TESTED","NOT TESTED","N/A","NOT TESTED","NOT TESTED","Not yet behavior-tested"
"Punnett Square Calculator","punnett-square-calculator","biology-tools","/tools/punnett-square-calculator","PARTIALLY WORKING","User input","Result","browser","./science/FormulaTool","No complete browser E2E/mobile verification exists yet; wired/rendering status is not treated as proof of full functionality.","Add/execute real tests for: function, UI, output, mobile, error handling.","NOT TESTED","NOT TESTED","NOT TESTED","N/A","NOT TESTED","NOT TESTED","Not yet behavior-tested"
"Quadratic Equation Calculator","quadratic-equation-calculator","mathematics-tools","/tools/quadratic-equation-calculator","PARTIALLY WORKING","User input","Result","browser","./science/FormulaTool","No complete browser E2E/mobile verification exists yet; wired/rendering status is not treated as proof of full functionality.","Add/execute real tests for: function, UI, output, mobile, error handling.","NOT TESTED","NOT TESTED","NOT TESTED","N/A","NOT TESTED","NOT TESTED","Not yet behavior-tested"
"Pythagorean Theorem Calculator","pythagorean-calculator","mathematics-tools","/tools/pythagorean-calculator","PARTIALLY WORKING","User input","Result","browser","./science/FormulaTool","No complete browser E2E/mobile verification exists yet; wired/rendering status is not treated as proof of full functionality.","Add/execute real tests for: function, UI, output, mobile, error handling.","NOT TESTED","NOT TESTED","NOT TESTED","N/A","NOT TESTED","NOT TESTED","Not yet behavior-tested"
"Vector Magnitude Calculator","vector-magnitude-calculator","mathematics-tools","/tools/vector-magnitude-calculator","PARTIALLY WORKING","User input","Result","browser","./science/FormulaTool","No complete browser E2E/mobile verification exists yet; wired/rendering status is not treated as proof of full functionality.","Add/execute real tests for: function, UI, output, mobile, error handling.","NOT TESTED","NOT TESTED","NOT TESTED","N/A","NOT TESTED","NOT TESTED","Not yet behavior-tested"
"Permutation & Combination Calculator","permutation-combination-calculator","mathematics-tools","/tools/permutation-combination-calculator","PARTIALLY WORKING","User input","Result","browser","./science/FormulaTool","No complete browser E2E/mobile verification exists yet; wired/rendering status is not treated as proof of full functionality.","Add/execute real tests for: function, UI, output, mobile, error handling.","NOT TESTED","NOT TESTED","NOT TESTED","N/A","NOT TESTED","NOT TESTED","Not yet behavior-tested"
"Stress Calculator","stress-calculator","engineering-tools","/tools/stress-calculator","PARTIALLY WORKING","User input","Result","browser","./science/FormulaTool","No complete browser E2E/mobile verification exists yet; wired/rendering status is not treated as proof of full functionality.","Add/execute real tests for: function, UI, output, mobile, error handling.","NOT TESTED","NOT TESTED","NOT TESTED","N/A","NOT TESTED","NOT TESTED","Not yet behavior-tested"
"Strain Calculator","strain-calculator","engineering-tools","/tools/strain-calculator","PARTIALLY WORKING","User input","Result","browser","./science/FormulaTool","No complete browser E2E/mobile verification exists yet; wired/rendering status is not treated as proof of full functionality.","Add/execute real tests for: function, UI, output, mobile, error handling.","NOT TESTED","NOT TESTED","NOT TESTED","N/A","NOT TESTED","NOT TESTED","Not yet behavior-tested"
"Voltage Divider Calculator","voltage-divider-calculator","engineering-tools","/tools/voltage-divider-calculator","PARTIALLY WORKING","User input","Result","browser","./science/FormulaTool","No complete browser E2E/mobile verification exists yet; wired/rendering status is not treated as proof of full functionality.","Add/execute real tests for: function, UI, output, mobile, error handling.","NOT TESTED","NOT TESTED","NOT TESTED","N/A","NOT TESTED","NOT TESTED","Not yet behavior-tested"
"Series Resistance Calculator","series-resistance-calculator","engineering-tools","/tools/series-resistance-calculator","PARTIALLY WORKING","User input","Result","browser","./science/FormulaTool","No complete browser E2E/mobile verification exists yet; wired/rendering status is not treated as proof of full functionality.","Add/execute real tests for: function, UI, output, mobile, error handling.","NOT TESTED","NOT TESTED","NOT TESTED","N/A","NOT TESTED","NOT TESTED","Not yet behavior-tested"
"Parallel Resistance Calculator","parallel-resistance-calculator","engineering-tools","/tools/parallel-resistance-calculator","PARTIALLY WORKING","User input","Result","browser","./science/FormulaTool","No complete browser E2E/mobile verification exists yet; wired/rendering status is not treated as proof of full functionality.","Add/execute real tests for: function, UI, output, mobile, error handling.","NOT TESTED","NOT TESTED","NOT TESTED","N/A","NOT TESTED","NOT TESTED","Not yet behavior-tested"
"LED Resistor Calculator","led-resistor-calculator","engineering-tools","/tools/led-resistor-calculator","PARTIALLY WORKING","User input","Result","browser","./science/FormulaTool","No complete browser E2E/mobile verification exists yet; wired/rendering status is not treated as proof of full functionality.","Add/execute real tests for: function, UI, output, mobile, error handling.","NOT TESTED","NOT TESTED","NOT TESTED","N/A","NOT TESTED","NOT TESTED","Not yet behavior-tested"
"RC Time Constant Calculator","rc-time-constant-calculator","engineering-tools","/tools/rc-time-constant-calculator","PARTIALLY WORKING","User input","Result","browser","./science/FormulaTool","No complete browser E2E/mobile verification exists yet; wired/rendering status is not treated as proof of full functionality.","Add/execute real tests for: function, UI, output, mobile, error handling.","NOT TESTED","NOT TESTED","NOT TESTED","N/A","NOT TESTED","NOT TESTED","Not yet behavior-tested"
"Concrete Volume Calculator","concrete-volume-calculator","engineering-tools","/tools/concrete-volume-calculator","PARTIALLY WORKING","User input","Result","browser","./science/FormulaTool","No complete browser E2E/mobile verification exists yet; wired/rendering status is not treated as proof of full functionality.","Add/execute real tests for: function, UI, output, mobile, error handling.","NOT TESTED","NOT TESTED","NOT TESTED","N/A","NOT TESTED","NOT TESTED","Not yet behavior-tested"
"Slope & Gradient Calculator","slope-gradient-calculator","engineering-tools","/tools/slope-gradient-calculator","PARTIALLY WORKING","User input","Result","browser","./science/FormulaTool","No complete browser E2E/mobile verification exists yet; wired/rendering status is not treated as proof of full functionality.","Add/execute real tests for: function, UI, output, mobile, error handling.","NOT TESTED","NOT TESTED","NOT TESTED","N/A","NOT TESTED","NOT TESTED","Not yet behavior-tested"
"Gear Ratio Calculator","gear-ratio-calculator","robotics-tools","/tools/gear-ratio-calculator","PARTIALLY WORKING","User input","Result","browser","./science/FormulaTool","No complete browser E2E/mobile verification exists yet; wired/rendering status is not treated as proof of full functionality.","Add/execute real tests for: function, UI, output, mobile, error handling.","NOT TESTED","NOT TESTED","NOT TESTED","N/A","NOT TESTED","NOT TESTED","Not yet behavior-tested"
"Wheel Speed Calculator","wheel-speed-calculator","robotics-tools","/tools/wheel-speed-calculator","PARTIALLY WORKING","User input","Result","browser","./science/FormulaTool","No complete browser E2E/mobile verification exists yet; wired/rendering status is not treated as proof of full functionality.","Add/execute real tests for: function, UI, output, mobile, error handling.","NOT TESTED","NOT TESTED","NOT TESTED","N/A","NOT TESTED","NOT TESTED","Not yet behavior-tested"
"Battery Runtime Estimator","battery-runtime-calculator","robotics-tools","/tools/battery-runtime-calculator","PARTIALLY WORKING","User input","Result","browser","./science/FormulaTool","No complete browser E2E/mobile verification exists yet; wired/rendering status is not treated as proof of full functionality.","Add/execute real tests for: function, UI, output, mobile, error handling.","NOT TESTED","NOT TESTED","NOT TESTED","N/A","NOT TESTED","NOT TESTED","Not yet behavior-tested"
"PWM Duty Cycle Calculator","pwm-duty-cycle-calculator","robotics-tools","/tools/pwm-duty-cycle-calculator","PARTIALLY WORKING","User input","Result","browser","./science/FormulaTool","No complete browser E2E/mobile verification exists yet; wired/rendering status is not treated as proof of full functionality.","Add/execute real tests for: function, UI, output, mobile, error handling.","NOT TESTED","NOT TESTED","NOT TESTED","N/A","NOT TESTED","NOT TESTED","Not yet behavior-tested"
"Break-even Calculator","break-even-calculator","finance-tools","/tools/break-even-calculator","PARTIALLY WORKING","Numeric/form input","Calculated result","browser","./science/FormulaTool","No complete browser E2E/mobile verification exists yet; wired/rendering status is not treated as proof of full functionality.","Add/execute real tests for: function, UI, output, mobile, error handling.","NOT TESTED","NOT TESTED","NOT TESTED","N/A","NOT TESTED","NOT TESTED","Not yet behavior-tested"
"CAGR Calculator","cagr-calculator","finance-tools","/tools/cagr-calculator","PARTIALLY WORKING","Numeric/form input","Calculated result","browser","./science/FormulaTool","No complete browser E2E/mobile verification exists yet; wired/rendering status is not treated as proof of full functionality.","Add/execute real tests for: function, UI, output, mobile, error handling.","NOT TESTED","NOT TESTED","NOT TESTED","N/A","NOT TESTED","NOT TESTED","Not yet behavior-tested"
"ROI Calculator","roi-calculator","finance-tools","/tools/roi-calculator","PARTIALLY WORKING","Numeric/form input","Calculated result","browser","./science/FormulaTool","No complete browser E2E/mobile verification exists yet; wired/rendering status is not treated as proof of full functionality.","Add/execute real tests for: function, UI, output, mobile, error handling.","NOT TESTED","NOT TESTED","NOT TESTED","N/A","NOT TESTED","NOT TESTED","Not yet behavior-tested"
"Commission Calculator","commission-calculator","finance-tools","/tools/commission-calculator","PARTIALLY WORKING","Numeric/form input","Calculated result","browser","./science/FormulaTool","No complete browser E2E/mobile verification exists yet; wired/rendering status is not treated as proof of full functionality.","Add/execute real tests for: function, UI, output, mobile, error handling.","NOT TESTED","NOT TESTED","NOT TESTED","N/A","NOT TESTED","NOT TESTED","Not yet behavior-tested"
